-17,15,zEuduJbwRKYytmiVrZrbCy3rDlI=,5FqITotRrBrAjzoGVynhhv39RQY=
-21,15,zEuduJbwRKYytmiVrZrbCy3rDlI=,5FqITotRrBrAjzoGVynhhv39RQY=
-29,0,zEuduJbwRKYytmiVrZrbCy3rDlI=,5FqITotRrBrAjzoGVynhhv39RQY=
-22,15,zEuduJbwRKYytmiVrZrbCy3rDlI=,5FqITotRrBrAjzoGVynhhv39RQY=
-23,15,zEuduJbwRKYytmiVrZrbCy3rDlI=,5FqITotRrBrAjzoGVynhhv39RQY=
-25,15,zEuduJbwRKYytmiVrZrbCy3rDlI=,5FqITotRrBrAjzoGVynhhv39RQY=
-24,15,zEuduJbwRKYytmiVrZrbCy3rDlI=,5FqITotRrBrAjzoGVynhhv39RQY=
-26,15,zEuduJbwRKYytmiVrZrbCy3rDlI=,5FqITotRrBrAjzoGVynhhv39RQY=
-28,15,zEuduJbwRKYytmiVrZrbCy3rDlI=,5FqITotRrBrAjzoGVynhhv39RQY=
-29,15,zEuduJbwRKYytmiVrZrbCy3rDlI=,5FqITotRrBrAjzoGVynhhv39RQY=
-30,15,zEuduJbwRKYytmiVrZrbCy3rDlI=,5FqITotRrBrAjzoGVynhhv39RQY=
-27,15,zEuduJbwRKYytmiVrZrbCy3rDlI=,5FqITotRrBrAjzoGVynhhv39RQY=
-19,2,zEuduJbwRKYytmiVrZrbCy3rDlI=,5FqITotRrBrAjzoGVynhhv39RQY=
-31,15,zEuduJbwRKYytmiVrZrbCy3rDlI=,5FqITotRrBrAjzoGVynhhv39RQY=
-19,1,zEuduJbwRKYytmiVrZrbCy3rDlI=,5FqITotRrBrAjzoGVynhhv39RQY=
-31,1,zEuduJbwRKYytmiVrZrbCy3rDlI=,5FqITotRrBrAjzoGVynhhv39RQY=
-20,1,zEuduJbwRKYytmiVrZrbCy3rDlI=,5FqITotRrBrAjzoGVynhhv39RQY=
-20,15,zEuduJbwRKYytmiVrZrbCy3rDlI=,5FqITotRrBrAjzoGVynhhv39RQY=
-18,15,zEuduJbwRKYytmiVrZrbCy3rDlI=,5FqITotRrBrAjzoGVynhhv39RQY=
-18,1,zEuduJbwRKYytmiVrZrbCy3rDlI=,5FqITotRrBrAjzoGVynhhv39RQY=
-32,15,zEuduJbwRKYytmiVrZrbCy3rDlI=,5FqITotRrBrAjzoGVynhhv39RQY=
-21,1,zEuduJbwRKYytmiVrZrbCy3rDlI=,5FqITotRrBrAjzoGVynhhv39RQY=
-24,1,zEuduJbwRKYytmiVrZrbCy3rDlI=,5FqITotRrBrAjzoGVynhhv39RQY=
-18,2,zEuduJbwRKYytmiVrZrbCy3rDlI=,5FqITotRrBrAjzoGVynhhv39RQY=
-25,1,zEuduJbwRKYytmiVrZrbCy3rDlI=,5FqITotRrBrAjzoGVynhhv39RQY=
-22,1,zEuduJbwRKYytmiVrZrbCy3rDlI=,5FqITotRrBrAjzoGVynhhv39RQY=
-26,1,zEuduJbwRKYytmiVrZrbCy3rDlI=,5FqITotRrBrAjzoGVynhhv39RQY=
-27,1,zEuduJbwRKYytmiVrZrbCy3rDlI=,5FqITotRrBrAjzoGVynhhv39RQY=
-19,15,zEuduJbwRKYytmiVrZrbCy3rDlI=,5FqITotRrBrAjzoGVynhhv39RQY=
-29,1,zEuduJbwRKYytmiVrZrbCy3rDlI=,5FqITotRrBrAjzoGVynhhv39RQY=
-30,1,zEuduJbwRKYytmiVrZrbCy3rDlI=,5FqITotRrBrAjzoGVynhhv39RQY=
-30,0,zEuduJbwRKYytmiVrZrbCy3rDlI=,5FqITotRrBrAjzoGVynhhv39RQY=
-17,2,zEuduJbwRKYytmiVrZrbCy3rDlI=,5FqITotRrBrAjzoGVynhhv39RQY=
-32,3,zEuduJbwRKYytmiVrZrbCy3rDlI=,5FqITotRrBrAjzoGVynhhv39RQY=
-23,1,zEuduJbwRKYytmiVrZrbCy3rDlI=,5FqITotRrBrAjzoGVynhhv39RQY=
-18,14,zEuduJbwRKYytmiVrZrbCy3rDlI=,5FqITotRrBrAjzoGVynhhv39RQY=
-20,14,zEuduJbwRKYytmiVrZrbCy3rDlI=,5FqITotRrBrAjzoGVynhhv39RQY=
-21,14,zEuduJbwRKYytmiVrZrbCy3rDlI=,5FqITotRrBrAjzoGVynhhv39RQY=
-22,14,zEuduJbwRKYytmiVrZrbCy3rDlI=,5FqITotRrBrAjzoGVynhhv39RQY=
-24,14,zEuduJbwRKYytmiVrZrbCy3rDlI=,5FqITotRrBrAjzoGVynhhv39RQY=
-25,14,zEuduJbwRKYytmiVrZrbCy3rDlI=,5FqITotRrBrAjzoGVynhhv39RQY=
-26,14,zEuduJbwRKYytmiVrZrbCy3rDlI=,5FqITotRrBrAjzoGVynhhv39RQY=
-23,14,zEuduJbwRKYytmiVrZrbCy3rDlI=,5FqITotRrBrAjzoGVynhhv39RQY=
-27,14,zEuduJbwRKYytmiVrZrbCy3rDlI=,5FqITotRrBrAjzoGVynhhv39RQY=
-28,14,zEuduJbwRKYytmiVrZrbCy3rDlI=,5FqITotRrBrAjzoGVynhhv39RQY=
-29,14,zEuduJbwRKYytmiVrZrbCy3rDlI=,5FqITotRrBrAjzoGVynhhv39RQY=
-30,14,zEuduJbwRKYytmiVrZrbCy3rDlI=,5FqITotRrBrAjzoGVynhhv39RQY=
-31,14,zEuduJbwRKYytmiVrZrbCy3rDlI=,5FqITotRrBrAjzoGVynhhv39RQY=
-32,14,zEuduJbwRKYytmiVrZrbCy3rDlI=,5FqITotRrBrAjzoGVynhhv39RQY=
-31,3,zEuduJbwRKYytmiVrZrbCy3rDlI=,5FqITotRrBrAjzoGVynhhv39RQY=
-17,13,zEuduJbwRKYytmiVrZrbCy3rDlI=,5FqITotRrBrAjzoGVynhhv39RQY=
-20,2,zEuduJbwRKYytmiVrZrbCy3rDlI=,5FqITotRrBrAjzoGVynhhv39RQY=
-19,13,zEuduJbwRKYytmiVrZrbCy3rDlI=,5FqITotRrBrAjzoGVynhhv39RQY=
-18,13,zEuduJbwRKYytmiVrZrbCy3rDlI=,5FqITotRrBrAjzoGVynhhv39RQY=
-30,3,zEuduJbwRKYytmiVrZrbCy3rDlI=,5FqITotRrBrAjzoGVynhhv39RQY=
-32,1,zEuduJbwRKYytmiVrZrbCy3rDlI=,5FqITotRrBrAjzoGVynhhv39RQY=
-17,0,zEuduJbwRKYytmiVrZrbCy3rDlI=,5FqITotRrBrAjzoGVynhhv39RQY=
-20,13,zEuduJbwRKYytmiVrZrbCy3rDlI=,5FqITotRrBrAjzoGVynhhv39RQY=
-21,13,zEuduJbwRKYytmiVrZrbCy3rDlI=,5FqITotRrBrAjzoGVynhhv39RQY=
-22,13,zEuduJbwRKYytmiVrZrbCy3rDlI=,5FqITotRrBrAjzoGVynhhv39RQY=
-23,13,zEuduJbwRKYytmiVrZrbCy3rDlI=,5FqITotRrBrAjzoGVynhhv39RQY=
-24,13,zEuduJbwRKYytmiVrZrbCy3rDlI=,5FqITotRrBrAjzoGVynhhv39RQY=
-25,13,zEuduJbwRKYytmiVrZrbCy3rDlI=,5FqITotRrBrAjzoGVynhhv39RQY=
-26,13,zEuduJbwRKYytmiVrZrbCy3rDlI=,5FqITotRrBrAjzoGVynhhv39RQY=
-27,13,zEuduJbwRKYytmiVrZrbCy3rDlI=,5FqITotRrBrAjzoGVynhhv39RQY=
-28,13,zEuduJbwRKYytmiVrZrbCy3rDlI=,5FqITotRrBrAjzoGVynhhv39RQY=
-29,13,zEuduJbwRKYytmiVrZrbCy3rDlI=,5FqITotRrBrAjzoGVynhhv39RQY=
-30,13,zEuduJbwRKYytmiVrZrbCy3rDlI=,5FqITotRrBrAjzoGVynhhv39RQY=
-32,2,zEuduJbwRKYytmiVrZrbCy3rDlI=,5FqITotRrBrAjzoGVynhhv39RQY=
-31,13,zEuduJbwRKYytmiVrZrbCy3rDlI=,5FqITotRrBrAjzoGVynhhv39RQY=
-31,0,zEuduJbwRKYytmiVrZrbCy3rDlI=,5FqITotRrBrAjzoGVynhhv39RQY=
-21,2,zEuduJbwRKYytmiVrZrbCy3rDlI=,5FqITotRrBrAjzoGVynhhv39RQY=
-32,13,zEuduJbwRKYytmiVrZrbCy3rDlI=,5FqITotRrBrAjzoGVynhhv39RQY=
-17,12,zEuduJbwRKYytmiVrZrbCy3rDlI=,5FqITotRrBrAjzoGVynhhv39RQY=
-19,12,zEuduJbwRKYytmiVrZrbCy3rDlI=,5FqITotRrBrAjzoGVynhhv39RQY=
-20,12,zEuduJbwRKYytmiVrZrbCy3rDlI=,5FqITotRrBrAjzoGVynhhv39RQY=
-29,3,zEuduJbwRKYytmiVrZrbCy3rDlI=,5FqITotRrBrAjzoGVynhhv39RQY=
-18,12,zEuduJbwRKYytmiVrZrbCy3rDlI=,5FqITotRrBrAjzoGVynhhv39RQY=
-18,0,zEuduJbwRKYytmiVrZrbCy3rDlI=,5FqITotRrBrAjzoGVynhhv39RQY=
-21,12,zEuduJbwRKYytmiVrZrbCy3rDlI=,5FqITotRrBrAjzoGVynhhv39RQY=
-22,12,zEuduJbwRKYytmiVrZrbCy3rDlI=,5FqITotRrBrAjzoGVynhhv39RQY=
-23,12,zEuduJbwRKYytmiVrZrbCy3rDlI=,5FqITotRrBrAjzoGVynhhv39RQY=
-24,12,zEuduJbwRKYytmiVrZrbCy3rDlI=,5FqITotRrBrAjzoGVynhhv39RQY=
-25,12,zEuduJbwRKYytmiVrZrbCy3rDlI=,5FqITotRrBrAjzoGVynhhv39RQY=
-26,12,zEuduJbwRKYytmiVrZrbCy3rDlI=,5FqITotRrBrAjzoGVynhhv39RQY=
-27,12,zEuduJbwRKYytmiVrZrbCy3rDlI=,5FqITotRrBrAjzoGVynhhv39RQY=
-28,12,zEuduJbwRKYytmiVrZrbCy3rDlI=,5FqITotRrBrAjzoGVynhhv39RQY=
-29,12,zEuduJbwRKYytmiVrZrbCy3rDlI=,5FqITotRrBrAjzoGVynhhv39RQY=
-30,12,zEuduJbwRKYytmiVrZrbCy3rDlI=,5FqITotRrBrAjzoGVynhhv39RQY=
-32,12,zEuduJbwRKYytmiVrZrbCy3rDlI=,5FqITotRrBrAjzoGVynhhv39RQY=
-19,14,zEuduJbwRKYytmiVrZrbCy3rDlI=,5FqITotRrBrAjzoGVynhhv39RQY=
-28,0,zEuduJbwRKYytmiVrZrbCy3rDlI=,5FqITotRrBrAjzoGVynhhv39RQY=
-22,2,zEuduJbwRKYytmiVrZrbCy3rDlI=,5FqITotRrBrAjzoGVynhhv39RQY=
-19,11,zEuduJbwRKYytmiVrZrbCy3rDlI=,5FqITotRrBrAjzoGVynhhv39RQY=
-18,11,zEuduJbwRKYytmiVrZrbCy3rDlI=,5FqITotRrBrAjzoGVynhhv39RQY=
-20,11,zEuduJbwRKYytmiVrZrbCy3rDlI=,5FqITotRrBrAjzoGVynhhv39RQY=
-21,11,zEuduJbwRKYytmiVrZrbCy3rDlI=,5FqITotRrBrAjzoGVynhhv39RQY=
-17,11,zEuduJbwRKYytmiVrZrbCy3rDlI=,5FqITotRrBrAjzoGVynhhv39RQY=
-22,11,zEuduJbwRKYytmiVrZrbCy3rDlI=,5FqITotRrBrAjzoGVynhhv39RQY=
-23,11,zEuduJbwRKYytmiVrZrbCy3rDlI=,5FqITotRrBrAjzoGVynhhv39RQY=
-24,11,zEuduJbwRKYytmiVrZrbCy3rDlI=,5FqITotRrBrAjzoGVynhhv39RQY=
-31,12,zEuduJbwRKYytmiVrZrbCy3rDlI=,5FqITotRrBrAjzoGVynhhv39RQY=
-25,11,zEuduJbwRKYytmiVrZrbCy3rDlI=,5FqITotRrBrAjzoGVynhhv39RQY=
-26,11,zEuduJbwRKYytmiVrZrbCy3rDlI=,5FqITotRrBrAjzoGVynhhv39RQY=
-27,11,zEuduJbwRKYytmiVrZrbCy3rDlI=,5FqITotRrBrAjzoGVynhhv39RQY=
-28,11,zEuduJbwRKYytmiVrZrbCy3rDlI=,5FqITotRrBrAjzoGVynhhv39RQY=
-29,11,zEuduJbwRKYytmiVrZrbCy3rDlI=,5FqITotRrBrAjzoGVynhhv39RQY=
-28,3,zEuduJbwRKYytmiVrZrbCy3rDlI=,5FqITotRrBrAjzoGVynhhv39RQY=
-31,11,zEuduJbwRKYytmiVrZrbCy3rDlI=,5FqITotRrBrAjzoGVynhhv39RQY=
-32,11,zEuduJbwRKYytmiVrZrbCy3rDlI=,5FqITotRrBrAjzoGVynhhv39RQY=
-30,11,zEuduJbwRKYytmiVrZrbCy3rDlI=,5FqITotRrBrAjzoGVynhhv39RQY=
-23,2,zEuduJbwRKYytmiVrZrbCy3rDlI=,5FqITotRrBrAjzoGVynhhv39RQY=
-18,10,zEuduJbwRKYytmiVrZrbCy3rDlI=,5FqITotRrBrAjzoGVynhhv39RQY=
-19,10,zEuduJbwRKYytmiVrZrbCy3rDlI=,5FqITotRrBrAjzoGVynhhv39RQY=
-20,10,zEuduJbwRKYytmiVrZrbCy3rDlI=,5FqITotRrBrAjzoGVynhhv39RQY=
-21,10,zEuduJbwRKYytmiVrZrbCy3rDlI=,5FqITotRrBrAjzoGVynhhv39RQY=
-20,0,zEuduJbwRKYytmiVrZrbCy3rDlI=,5FqITotRrBrAjzoGVynhhv39RQY=
-27,3,zEuduJbwRKYytmiVrZrbCy3rDlI=,5FqITotRrBrAjzoGVynhhv39RQY=
-28,1,zEuduJbwRKYytmiVrZrbCy3rDlI=,5FqITotRrBrAjzoGVynhhv39RQY=
-23,10,zEuduJbwRKYytmiVrZrbCy3rDlI=,5FqITotRrBrAjzoGVynhhv39RQY=
-17,10,zEuduJbwRKYytmiVrZrbCy3rDlI=,5FqITotRrBrAjzoGVynhhv39RQY=
-24,10,zEuduJbwRKYytmiVrZrbCy3rDlI=,5FqITotRrBrAjzoGVynhhv39RQY=
-25,10,zEuduJbwRKYytmiVrZrbCy3rDlI=,5FqITotRrBrAjzoGVynhhv39RQY=
-26,10,zEuduJbwRKYytmiVrZrbCy3rDlI=,5FqITotRrBrAjzoGVynhhv39RQY=
-22,10,zEuduJbwRKYytmiVrZrbCy3rDlI=,5FqITotRrBrAjzoGVynhhv39RQY=
-27,10,zEuduJbwRKYytmiVrZrbCy3rDlI=,5FqITotRrBrAjzoGVynhhv39RQY=
-28,10,zEuduJbwRKYytmiVrZrbCy3rDlI=,5FqITotRrBrAjzoGVynhhv39RQY=
-29,10,zEuduJbwRKYytmiVrZrbCy3rDlI=,5FqITotRrBrAjzoGVynhhv39RQY=
-31,10,zEuduJbwRKYytmiVrZrbCy3rDlI=,5FqITotRrBrAjzoGVynhhv39RQY=
-30,10,zEuduJbwRKYytmiVrZrbCy3rDlI=,5FqITotRrBrAjzoGVynhhv39RQY=
-32,10,zEuduJbwRKYytmiVrZrbCy3rDlI=,5FqITotRrBrAjzoGVynhhv39RQY=
-17,9,zEuduJbwRKYytmiVrZrbCy3rDlI=,5FqITotRrBrAjzoGVynhhv39RQY=
-18,9,zEuduJbwRKYytmiVrZrbCy3rDlI=,5FqITotRrBrAjzoGVynhhv39RQY=
-20,9,zEuduJbwRKYytmiVrZrbCy3rDlI=,5FqITotRrBrAjzoGVynhhv39RQY=
-19,9,zEuduJbwRKYytmiVrZrbCy3rDlI=,5FqITotRrBrAjzoGVynhhv39RQY=
-26,3,zEuduJbwRKYytmiVrZrbCy3rDlI=,5FqITotRrBrAjzoGVynhhv39RQY=
-17,14,zEuduJbwRKYytmiVrZrbCy3rDlI=,5FqITotRrBrAjzoGVynhhv39RQY=
-19,0,zEuduJbwRKYytmiVrZrbCy3rDlI=,5FqITotRrBrAjzoGVynhhv39RQY=
-21,9,zEuduJbwRKYytmiVrZrbCy3rDlI=,5FqITotRrBrAjzoGVynhhv39RQY=
-25,3,zEuduJbwRKYytmiVrZrbCy3rDlI=,5FqITotRrBrAjzoGVynhhv39RQY=
-22,9,zEuduJbwRKYytmiVrZrbCy3rDlI=,5FqITotRrBrAjzoGVynhhv39RQY=
-25,2,zEuduJbwRKYytmiVrZrbCy3rDlI=,5FqITotRrBrAjzoGVynhhv39RQY=
-25,9,zEuduJbwRKYytmiVrZrbCy3rDlI=,5FqITotRrBrAjzoGVynhhv39RQY=
-26,9,zEuduJbwRKYytmiVrZrbCy3rDlI=,5FqITotRrBrAjzoGVynhhv39RQY=
-27,9,zEuduJbwRKYytmiVrZrbCy3rDlI=,5FqITotRrBrAjzoGVynhhv39RQY=
-28,9,zEuduJbwRKYytmiVrZrbCy3rDlI=,5FqITotRrBrAjzoGVynhhv39RQY=
-29,9,zEuduJbwRKYytmiVrZrbCy3rDlI=,5FqITotRrBrAjzoGVynhhv39RQY=
-30,9,zEuduJbwRKYytmiVrZrbCy3rDlI=,5FqITotRrBrAjzoGVynhhv39RQY=
-31,9,zEuduJbwRKYytmiVrZrbCy3rDlI=,5FqITotRrBrAjzoGVynhhv39RQY=
-32,9,zEuduJbwRKYytmiVrZrbCy3rDlI=,5FqITotRrBrAjzoGVynhhv39RQY=
-17,8,zEuduJbwRKYytmiVrZrbCy3rDlI=,5FqITotRrBrAjzoGVynhhv39RQY=
-18,8,zEuduJbwRKYytmiVrZrbCy3rDlI=,5FqITotRrBrAjzoGVynhhv39RQY=
-19,8,zEuduJbwRKYytmiVrZrbCy3rDlI=,5FqITotRrBrAjzoGVynhhv39RQY=
-20,8,zEuduJbwRKYytmiVrZrbCy3rDlI=,5FqITotRrBrAjzoGVynhhv39RQY=
-24,3,zEuduJbwRKYytmiVrZrbCy3rDlI=,5FqITotRrBrAjzoGVynhhv39RQY=
-21,8,zEuduJbwRKYytmiVrZrbCy3rDlI=,5FqITotRrBrAjzoGVynhhv39RQY=
-24,9,zEuduJbwRKYytmiVrZrbCy3rDlI=,5FqITotRrBrAjzoGVynhhv39RQY=
-24,2,zEuduJbwRKYytmiVrZrbCy3rDlI=,5FqITotRrBrAjzoGVynhhv39RQY=
-23,3,zEuduJbwRKYytmiVrZrbCy3rDlI=,5FqITotRrBrAjzoGVynhhv39RQY=
-22,8,zEuduJbwRKYytmiVrZrbCy3rDlI=,5FqITotRrBrAjzoGVynhhv39RQY=
-21,0,zEuduJbwRKYytmiVrZrbCy3rDlI=,5FqITotRrBrAjzoGVynhhv39RQY=
-23,8,zEuduJbwRKYytmiVrZrbCy3rDlI=,5FqITotRrBrAjzoGVynhhv39RQY=
-22,3,zEuduJbwRKYytmiVrZrbCy3rDlI=,5FqITotRrBrAjzoGVynhhv39RQY=
-23,9,zEuduJbwRKYytmiVrZrbCy3rDlI=,5FqITotRrBrAjzoGVynhhv39RQY=
-26,8,zEuduJbwRKYytmiVrZrbCy3rDlI=,5FqITotRrBrAjzoGVynhhv39RQY=
-27,8,zEuduJbwRKYytmiVrZrbCy3rDlI=,5FqITotRrBrAjzoGVynhhv39RQY=
-28,8,zEuduJbwRKYytmiVrZrbCy3rDlI=,5FqITotRrBrAjzoGVynhhv39RQY=
-29,8,zEuduJbwRKYytmiVrZrbCy3rDlI=,5FqITotRrBrAjzoGVynhhv39RQY=
-30,8,zEuduJbwRKYytmiVrZrbCy3rDlI=,5FqITotRrBrAjzoGVynhhv39RQY=
-31,8,zEuduJbwRKYytmiVrZrbCy3rDlI=,5FqITotRrBrAjzoGVynhhv39RQY=
-32,8,zEuduJbwRKYytmiVrZrbCy3rDlI=,5FqITotRrBrAjzoGVynhhv39RQY=
-25,8,zEuduJbwRKYytmiVrZrbCy3rDlI=,5FqITotRrBrAjzoGVynhhv39RQY=
-22,0,zEuduJbwRKYytmiVrZrbCy3rDlI=,5FqITotRrBrAjzoGVynhhv39RQY=
-21,3,zEuduJbwRKYytmiVrZrbCy3rDlI=,5FqITotRrBrAjzoGVynhhv39RQY=
-24,8,zEuduJbwRKYytmiVrZrbCy3rDlI=,5FqITotRrBrAjzoGVynhhv39RQY=
-18,7,zEuduJbwRKYytmiVrZrbCy3rDlI=,5FqITotRrBrAjzoGVynhhv39RQY=
-20,3,zEuduJbwRKYytmiVrZrbCy3rDlI=,5FqITotRrBrAjzoGVynhhv39RQY=
-19,7,zEuduJbwRKYytmiVrZrbCy3rDlI=,5FqITotRrBrAjzoGVynhhv39RQY=
-22,7,zEuduJbwRKYytmiVrZrbCy3rDlI=,5FqITotRrBrAjzoGVynhhv39RQY=
-23,7,zEuduJbwRKYytmiVrZrbCy3rDlI=,5FqITotRrBrAjzoGVynhhv39RQY=
-24,7,zEuduJbwRKYytmiVrZrbCy3rDlI=,5FqITotRrBrAjzoGVynhhv39RQY=
-20,7,zEuduJbwRKYytmiVrZrbCy3rDlI=,5FqITotRrBrAjzoGVynhhv39RQY=
-23,0,zEuduJbwRKYytmiVrZrbCy3rDlI=,5FqITotRrBrAjzoGVynhhv39RQY=
-17,1,zEuduJbwRKYytmiVrZrbCy3rDlI=,5FqITotRrBrAjzoGVynhhv39RQY=
-26,7,zEuduJbwRKYytmiVrZrbCy3rDlI=,5FqITotRrBrAjzoGVynhhv39RQY=
-27,7,zEuduJbwRKYytmiVrZrbCy3rDlI=,5FqITotRrBrAjzoGVynhhv39RQY=
-28,7,zEuduJbwRKYytmiVrZrbCy3rDlI=,5FqITotRrBrAjzoGVynhhv39RQY=
-30,7,zEuduJbwRKYytmiVrZrbCy3rDlI=,5FqITotRrBrAjzoGVynhhv39RQY=
-29,7,zEuduJbwRKYytmiVrZrbCy3rDlI=,5FqITotRrBrAjzoGVynhhv39RQY=
-31,7,zEuduJbwRKYytmiVrZrbCy3rDlI=,5FqITotRrBrAjzoGVynhhv39RQY=
-32,7,zEuduJbwRKYytmiVrZrbCy3rDlI=,5FqITotRrBrAjzoGVynhhv39RQY=
-25,7,zEuduJbwRKYytmiVrZrbCy3rDlI=,5FqITotRrBrAjzoGVynhhv39RQY=
-27,2,zEuduJbwRKYytmiVrZrbCy3rDlI=,5FqITotRrBrAjzoGVynhhv39RQY=
-26,2,zEuduJbwRKYytmiVrZrbCy3rDlI=,5FqITotRrBrAjzoGVynhhv39RQY=
-19,3,zEuduJbwRKYytmiVrZrbCy3rDlI=,5FqITotRrBrAjzoGVynhhv39RQY=
-18,6,zEuduJbwRKYytmiVrZrbCy3rDlI=,5FqITotRrBrAjzoGVynhhv39RQY=
-19,6,zEuduJbwRKYytmiVrZrbCy3rDlI=,5FqITotRrBrAjzoGVynhhv39RQY=
-21,7,zEuduJbwRKYytmiVrZrbCy3rDlI=,5FqITotRrBrAjzoGVynhhv39RQY=
-22,6,zEuduJbwRKYytmiVrZrbCy3rDlI=,5FqITotRrBrAjzoGVynhhv39RQY=
-23,6,zEuduJbwRKYytmiVrZrbCy3rDlI=,5FqITotRrBrAjzoGVynhhv39RQY=
-24,6,zEuduJbwRKYytmiVrZrbCy3rDlI=,5FqITotRrBrAjzoGVynhhv39RQY=
-24,0,zEuduJbwRKYytmiVrZrbCy3rDlI=,5FqITotRrBrAjzoGVynhhv39RQY=
-21,6,zEuduJbwRKYytmiVrZrbCy3rDlI=,5FqITotRrBrAjzoGVynhhv39RQY=
-25,6,zEuduJbwRKYytmiVrZrbCy3rDlI=,5FqITotRrBrAjzoGVynhhv39RQY=
-26,6,zEuduJbwRKYytmiVrZrbCy3rDlI=,5FqITotRrBrAjzoGVynhhv39RQY=
-28,6,zEuduJbwRKYytmiVrZrbCy3rDlI=,5FqITotRrBrAjzoGVynhhv39RQY=
-29,6,zEuduJbwRKYytmiVrZrbCy3rDlI=,5FqITotRrBrAjzoGVynhhv39RQY=
-30,6,zEuduJbwRKYytmiVrZrbCy3rDlI=,5FqITotRrBrAjzoGVynhhv39RQY=
-31,6,zEuduJbwRKYytmiVrZrbCy3rDlI=,5FqITotRrBrAjzoGVynhhv39RQY=
-32,6,zEuduJbwRKYytmiVrZrbCy3rDlI=,5FqITotRrBrAjzoGVynhhv39RQY=
-27,6,zEuduJbwRKYytmiVrZrbCy3rDlI=,5FqITotRrBrAjzoGVynhhv39RQY=
-17,6,zEuduJbwRKYytmiVrZrbCy3rDlI=,5FqITotRrBrAjzoGVynhhv39RQY=
-17,7,zEuduJbwRKYytmiVrZrbCy3rDlI=,5FqITotRrBrAjzoGVynhhv39RQY=
-17,5,zEuduJbwRKYytmiVrZrbCy3rDlI=,5FqITotRrBrAjzoGVynhhv39RQY=
-28,2,zEuduJbwRKYytmiVrZrbCy3rDlI=,5FqITotRrBrAjzoGVynhhv39RQY=
-18,3,zEuduJbwRKYytmiVrZrbCy3rDlI=,5FqITotRrBrAjzoGVynhhv39RQY=
-21,5,zEuduJbwRKYytmiVrZrbCy3rDlI=,5FqITotRrBrAjzoGVynhhv39RQY=
-23,5,zEuduJbwRKYytmiVrZrbCy3rDlI=,5FqITotRrBrAjzoGVynhhv39RQY=
-24,5,zEuduJbwRKYytmiVrZrbCy3rDlI=,5FqITotRrBrAjzoGVynhhv39RQY=
-17,3,zEuduJbwRKYytmiVrZrbCy3rDlI=,5FqITotRrBrAjzoGVynhhv39RQY=
-25,5,zEuduJbwRKYytmiVrZrbCy3rDlI=,5FqITotRrBrAjzoGVynhhv39RQY=
-31,2,zEuduJbwRKYytmiVrZrbCy3rDlI=,5FqITotRrBrAjzoGVynhhv39RQY=
-26,5,zEuduJbwRKYytmiVrZrbCy3rDlI=,5FqITotRrBrAjzoGVynhhv39RQY=
-27,5,zEuduJbwRKYytmiVrZrbCy3rDlI=,5FqITotRrBrAjzoGVynhhv39RQY=
-32,4,zEuduJbwRKYytmiVrZrbCy3rDlI=,5FqITotRrBrAjzoGVynhhv39RQY=
-31,4,zEuduJbwRKYytmiVrZrbCy3rDlI=,5FqITotRrBrAjzoGVynhhv39RQY=
-30,4,zEuduJbwRKYytmiVrZrbCy3rDlI=,5FqITotRrBrAjzoGVynhhv39RQY=
-25,0,zEuduJbwRKYytmiVrZrbCy3rDlI=,5FqITotRrBrAjzoGVynhhv39RQY=
-29,4,zEuduJbwRKYytmiVrZrbCy3rDlI=,5FqITotRrBrAjzoGVynhhv39RQY=
-22,5,zEuduJbwRKYytmiVrZrbCy3rDlI=,5FqITotRrBrAjzoGVynhhv39RQY=
-28,5,zEuduJbwRKYytmiVrZrbCy3rDlI=,5FqITotRrBrAjzoGVynhhv39RQY=
-32,0,zEuduJbwRKYytmiVrZrbCy3rDlI=,5FqITotRrBrAjzoGVynhhv39RQY=
-29,5,zEuduJbwRKYytmiVrZrbCy3rDlI=,5FqITotRrBrAjzoGVynhhv39RQY=
-30,5,zEuduJbwRKYytmiVrZrbCy3rDlI=,5FqITotRrBrAjzoGVynhhv39RQY=
-31,5,zEuduJbwRKYytmiVrZrbCy3rDlI=,5FqITotRrBrAjzoGVynhhv39RQY=
-32,5,zEuduJbwRKYytmiVrZrbCy3rDlI=,5FqITotRrBrAjzoGVynhhv39RQY=
-29,2,zEuduJbwRKYytmiVrZrbCy3rDlI=,5FqITotRrBrAjzoGVynhhv39RQY=
-18,5,zEuduJbwRKYytmiVrZrbCy3rDlI=,5FqITotRrBrAjzoGVynhhv39RQY=
-30,2,zEuduJbwRKYytmiVrZrbCy3rDlI=,5FqITotRrBrAjzoGVynhhv39RQY=
-26,0,zEuduJbwRKYytmiVrZrbCy3rDlI=,5FqITotRrBrAjzoGVynhhv39RQY=
-27,0,zEuduJbwRKYytmiVrZrbCy3rDlI=,5FqITotRrBrAjzoGVynhhv39RQY=
-28,4,zEuduJbwRKYytmiVrZrbCy3rDlI=,5FqITotRrBrAjzoGVynhhv39RQY=
-27,4,zEuduJbwRKYytmiVrZrbCy3rDlI=,5FqITotRrBrAjzoGVynhhv39RQY=
-26,4,zEuduJbwRKYytmiVrZrbCy3rDlI=,5FqITotRrBrAjzoGVynhhv39RQY=
-25,4,zEuduJbwRKYytmiVrZrbCy3rDlI=,5FqITotRrBrAjzoGVynhhv39RQY=
-18,4,zEuduJbwRKYytmiVrZrbCy3rDlI=,5FqITotRrBrAjzoGVynhhv39RQY=
-24,4,zEuduJbwRKYytmiVrZrbCy3rDlI=,5FqITotRrBrAjzoGVynhhv39RQY=
-19,4,zEuduJbwRKYytmiVrZrbCy3rDlI=,5FqITotRrBrAjzoGVynhhv39RQY=
-23,4,zEuduJbwRKYytmiVrZrbCy3rDlI=,5FqITotRrBrAjzoGVynhhv39RQY=
-21,4,zEuduJbwRKYytmiVrZrbCy3rDlI=,5FqITotRrBrAjzoGVynhhv39RQY=
-20,5,zEuduJbwRKYytmiVrZrbCy3rDlI=,5FqITotRrBrAjzoGVynhhv39RQY=
-22,4,zEuduJbwRKYytmiVrZrbCy3rDlI=,5FqITotRrBrAjzoGVynhhv39RQY=
-20,6,zEuduJbwRKYytmiVrZrbCy3rDlI=,5FqITotRrBrAjzoGVynhhv39RQY=
-20,4,zEuduJbwRKYytmiVrZrbCy3rDlI=,5FqITotRrBrAjzoGVynhhv39RQY=
-19,5,zEuduJbwRKYytmiVrZrbCy3rDlI=,5FqITotRrBrAjzoGVynhhv39RQY=
-17,4,zEuduJbwRKYytmiVrZrbCy3rDlI=,5FqITotRrBrAjzoGVynhhv39RQY=
-17,31,tfqPJKH7/RJV2RFTWZzhZ3wRUoc=,NG0TVPWilBOjsl6ZMK3kDUTbwLY=
-29,16,tfqPJKH7/RJV2RFTWZzhZ3wRUoc=,NG0TVPWilBOjsl6ZMK3kDUTbwLY=
-20,31,tfqPJKH7/RJV2RFTWZzhZ3wRUoc=,NG0TVPWilBOjsl6ZMK3kDUTbwLY=
-18,31,tfqPJKH7/RJV2RFTWZzhZ3wRUoc=,NG0TVPWilBOjsl6ZMK3kDUTbwLY=
-19,31,tfqPJKH7/RJV2RFTWZzhZ3wRUoc=,NG0TVPWilBOjsl6ZMK3kDUTbwLY=
-21,31,tfqPJKH7/RJV2RFTWZzhZ3wRUoc=,NG0TVPWilBOjsl6ZMK3kDUTbwLY=
-26,31,tfqPJKH7/RJV2RFTWZzhZ3wRUoc=,NG0TVPWilBOjsl6ZMK3kDUTbwLY=
-27,31,tfqPJKH7/RJV2RFTWZzhZ3wRUoc=,NG0TVPWilBOjsl6ZMK3kDUTbwLY=
-28,31,tfqPJKH7/RJV2RFTWZzhZ3wRUoc=,NG0TVPWilBOjsl6ZMK3kDUTbwLY=
-29,31,tfqPJKH7/RJV2RFTWZzhZ3wRUoc=,NG0TVPWilBOjsl6ZMK3kDUTbwLY=
-30,31,tfqPJKH7/RJV2RFTWZzhZ3wRUoc=,NG0TVPWilBOjsl6ZMK3kDUTbwLY=
-18,18,tfqPJKH7/RJV2RFTWZzhZ3wRUoc=,NG0TVPWilBOjsl6ZMK3kDUTbwLY=
-19,18,tfqPJKH7/RJV2RFTWZzhZ3wRUoc=,NG0TVPWilBOjsl6ZMK3kDUTbwLY=
-25,31,tfqPJKH7/RJV2RFTWZzhZ3wRUoc=,NG0TVPWilBOjsl6ZMK3kDUTbwLY=
-31,31,tfqPJKH7/RJV2RFTWZzhZ3wRUoc=,NG0TVPWilBOjsl6ZMK3kDUTbwLY=
-17,18,tfqPJKH7/RJV2RFTWZzhZ3wRUoc=,NG0TVPWilBOjsl6ZMK3kDUTbwLY=
-31,17,tfqPJKH7/RJV2RFTWZzhZ3wRUoc=,NG0TVPWilBOjsl6ZMK3kDUTbwLY=
-32,19,tfqPJKH7/RJV2RFTWZzhZ3wRUoc=,NG0TVPWilBOjsl6ZMK3kDUTbwLY=
-31,19,tfqPJKH7/RJV2RFTWZzhZ3wRUoc=,NG0TVPWilBOjsl6ZMK3kDUTbwLY=
-32,18,tfqPJKH7/RJV2RFTWZzhZ3wRUoc=,NG0TVPWilBOjsl6ZMK3kDUTbwLY=
-30,19,tfqPJKH7/RJV2RFTWZzhZ3wRUoc=,NG0TVPWilBOjsl6ZMK3kDUTbwLY=
-29,19,tfqPJKH7/RJV2RFTWZzhZ3wRUoc=,NG0TVPWilBOjsl6ZMK3kDUTbwLY=
-28,19,tfqPJKH7/RJV2RFTWZzhZ3wRUoc=,NG0TVPWilBOjsl6ZMK3kDUTbwLY=
-28,16,tfqPJKH7/RJV2RFTWZzhZ3wRUoc=,NG0TVPWilBOjsl6ZMK3kDUTbwLY=
-27,19,tfqPJKH7/RJV2RFTWZzhZ3wRUoc=,NG0TVPWilBOjsl6ZMK3kDUTbwLY=
-26,19,tfqPJKH7/RJV2RFTWZzhZ3wRUoc=,NG0TVPWilBOjsl6ZMK3kDUTbwLY=
-25,19,tfqPJKH7/RJV2RFTWZzhZ3wRUoc=,NG0TVPWilBOjsl6ZMK3kDUTbwLY=
-24,19,tfqPJKH7/RJV2RFTWZzhZ3wRUoc=,NG0TVPWilBOjsl6ZMK3kDUTbwLY=
-22,19,tfqPJKH7/RJV2RFTWZzhZ3wRUoc=,NG0TVPWilBOjsl6ZMK3kDUTbwLY=
-23,19,tfqPJKH7/RJV2RFTWZzhZ3wRUoc=,NG0TVPWilBOjsl6ZMK3kDUTbwLY=
-21,19,tfqPJKH7/RJV2RFTWZzhZ3wRUoc=,NG0TVPWilBOjsl6ZMK3kDUTbwLY=
-19,17,tfqPJKH7/RJV2RFTWZzhZ3wRUoc=,NG0TVPWilBOjsl6ZMK3kDUTbwLY=
-18,17,tfqPJKH7/RJV2RFTWZzhZ3wRUoc=,NG0TVPWilBOjsl6ZMK3kDUTbwLY=
-21,17,tfqPJKH7/RJV2RFTWZzhZ3wRUoc=,NG0TVPWilBOjsl6ZMK3kDUTbwLY=
-22,17,tfqPJKH7/RJV2RFTWZzhZ3wRUoc=,NG0TVPWilBOjsl6ZMK3kDUTbwLY=
-23,17,tfqPJKH7/RJV2RFTWZzhZ3wRUoc=,NG0TVPWilBOjsl6ZMK3kDUTbwLY=
-24,17,tfqPJKH7/RJV2RFTWZzhZ3wRUoc=,NG0TVPWilBOjsl6ZMK3kDUTbwLY=
-25,17,tfqPJKH7/RJV2RFTWZzhZ3wRUoc=,NG0TVPWilBOjsl6ZMK3kDUTbwLY=
-26,17,tfqPJKH7/RJV2RFTWZzhZ3wRUoc=,NG0TVPWilBOjsl6ZMK3kDUTbwLY=
-27,17,tfqPJKH7/RJV2RFTWZzhZ3wRUoc=,NG0TVPWilBOjsl6ZMK3kDUTbwLY=
-28,17,tfqPJKH7/RJV2RFTWZzhZ3wRUoc=,NG0TVPWilBOjsl6ZMK3kDUTbwLY=
-29,17,tfqPJKH7/RJV2RFTWZzhZ3wRUoc=,NG0TVPWilBOjsl6ZMK3kDUTbwLY=
-30,17,tfqPJKH7/RJV2RFTWZzhZ3wRUoc=,NG0TVPWilBOjsl6ZMK3kDUTbwLY=
-17,30,tfqPJKH7/RJV2RFTWZzhZ3wRUoc=,NG0TVPWilBOjsl6ZMK3kDUTbwLY=
-30,16,tfqPJKH7/RJV2RFTWZzhZ3wRUoc=,NG0TVPWilBOjsl6ZMK3kDUTbwLY=
-18,30,tfqPJKH7/RJV2RFTWZzhZ3wRUoc=,NG0TVPWilBOjsl6ZMK3kDUTbwLY=
-20,19,tfqPJKH7/RJV2RFTWZzhZ3wRUoc=,NG0TVPWilBOjsl6ZMK3kDUTbwLY=
-32,31,tfqPJKH7/RJV2RFTWZzhZ3wRUoc=,NG0TVPWilBOjsl6ZMK3kDUTbwLY=
-20,17,tfqPJKH7/RJV2RFTWZzhZ3wRUoc=,NG0TVPWilBOjsl6ZMK3kDUTbwLY=
-19,30,tfqPJKH7/RJV2RFTWZzhZ3wRUoc=,NG0TVPWilBOjsl6ZMK3kDUTbwLY=
-17,17,tfqPJKH7/RJV2RFTWZzhZ3wRUoc=,NG0TVPWilBOjsl6ZMK3kDUTbwLY=
-20,30,tfqPJKH7/RJV2RFTWZzhZ3wRUoc=,NG0TVPWilBOjsl6ZMK3kDUTbwLY=
-23,31,tfqPJKH7/RJV2RFTWZzhZ3wRUoc=,NG0TVPWilBOjsl6ZMK3kDUTbwLY=
-22,31,tfqPJKH7/RJV2RFTWZzhZ3wRUoc=,NG0TVPWilBOjsl6ZMK3kDUTbwLY=
-19,19,tfqPJKH7/RJV2RFTWZzhZ3wRUoc=,NG0TVPWilBOjsl6ZMK3kDUTbwLY=
-20,18,tfqPJKH7/RJV2RFTWZzhZ3wRUoc=,NG0TVPWilBOjsl6ZMK3kDUTbwLY=
-25,30,tfqPJKH7/RJV2RFTWZzhZ3wRUoc=,NG0TVPWilBOjsl6ZMK3kDUTbwLY=
-18,19,tfqPJKH7/RJV2RFTWZzhZ3wRUoc=,NG0TVPWilBOjsl6ZMK3kDUTbwLY=
-31,18,tfqPJKH7/RJV2RFTWZzhZ3wRUoc=,NG0TVPWilBOjsl6ZMK3kDUTbwLY=
-24,31,tfqPJKH7/RJV2RFTWZzhZ3wRUoc=,NG0TVPWilBOjsl6ZMK3kDUTbwLY=
-26,30,tfqPJKH7/RJV2RFTWZzhZ3wRUoc=,NG0TVPWilBOjsl6ZMK3kDUTbwLY=
-28,30,tfqPJKH7/RJV2RFTWZzhZ3wRUoc=,NG0TVPWilBOjsl6ZMK3kDUTbwLY=
-29,30,tfqPJKH7/RJV2RFTWZzhZ3wRUoc=,NG0TVPWilBOjsl6ZMK3kDUTbwLY=
-30,30,tfqPJKH7/RJV2RFTWZzhZ3wRUoc=,NG0TVPWilBOjsl6ZMK3kDUTbwLY=
-31,30,tfqPJKH7/RJV2RFTWZzhZ3wRUoc=,NG0TVPWilBOjsl6ZMK3kDUTbwLY=
-32,30,tfqPJKH7/RJV2RFTWZzhZ3wRUoc=,NG0TVPWilBOjsl6ZMK3kDUTbwLY=
-17,29,tfqPJKH7/RJV2RFTWZzhZ3wRUoc=,NG0TVPWilBOjsl6ZMK3kDUTbwLY=
-32,17,tfqPJKH7/RJV2RFTWZzhZ3wRUoc=,NG0TVPWilBOjsl6ZMK3kDUTbwLY=
-18,29,tfqPJKH7/RJV2RFTWZzhZ3wRUoc=,NG0TVPWilBOjsl6ZMK3kDUTbwLY=
-17,19,tfqPJKH7/RJV2RFTWZzhZ3wRUoc=,NG0TVPWilBOjsl6ZMK3kDUTbwLY=
-32,20,tfqPJKH7/RJV2RFTWZzhZ3wRUoc=,NG0TVPWilBOjsl6ZMK3kDUTbwLY=
-31,20,tfqPJKH7/RJV2RFTWZzhZ3wRUoc=,NG0TVPWilBOjsl6ZMK3kDUTbwLY=
-27,30,tfqPJKH7/RJV2RFTWZzhZ3wRUoc=,NG0TVPWilBOjsl6ZMK3kDUTbwLY=
-30,20,tfqPJKH7/RJV2RFTWZzhZ3wRUoc=,NG0TVPWilBOjsl6ZMK3kDUTbwLY=
-19,29,tfqPJKH7/RJV2RFTWZzhZ3wRUoc=,NG0TVPWilBOjsl6ZMK3kDUTbwLY=
-32,16,tfqPJKH7/RJV2RFTWZzhZ3wRUoc=,NG0TVPWilBOjsl6ZMK3kDUTbwLY=
-30,18,tfqPJKH7/RJV2RFTWZzhZ3wRUoc=,NG0TVPWilBOjsl6ZMK3kDUTbwLY=
-28,20,tfqPJKH7/RJV2RFTWZzhZ3wRUoc=,NG0TVPWilBOjsl6ZMK3kDUTbwLY=
-27,16,tfqPJKH7/RJV2RFTWZzhZ3wRUoc=,NG0TVPWilBOjsl6ZMK3kDUTbwLY=
-29,20,tfqPJKH7/RJV2RFTWZzhZ3wRUoc=,NG0TVPWilBOjsl6ZMK3kDUTbwLY=
-27,20,tfqPJKH7/RJV2RFTWZzhZ3wRUoc=,NG0TVPWilBOjsl6ZMK3kDUTbwLY=
-26,20,tfqPJKH7/RJV2RFTWZzhZ3wRUoc=,NG0TVPWilBOjsl6ZMK3kDUTbwLY=
-25,20,tfqPJKH7/RJV2RFTWZzhZ3wRUoc=,NG0TVPWilBOjsl6ZMK3kDUTbwLY=
-24,20,tfqPJKH7/RJV2RFTWZzhZ3wRUoc=,NG0TVPWilBOjsl6ZMK3kDUTbwLY=
-23,20,tfqPJKH7/RJV2RFTWZzhZ3wRUoc=,NG0TVPWilBOjsl6ZMK3kDUTbwLY=
-22,20,tfqPJKH7/RJV2RFTWZzhZ3wRUoc=,NG0TVPWilBOjsl6ZMK3kDUTbwLY=
-21,20,tfqPJKH7/RJV2RFTWZzhZ3wRUoc=,NG0TVPWilBOjsl6ZMK3kDUTbwLY=
-17,16,tfqPJKH7/RJV2RFTWZzhZ3wRUoc=,NG0TVPWilBOjsl6ZMK3kDUTbwLY=
-21,18,tfqPJKH7/RJV2RFTWZzhZ3wRUoc=,NG0TVPWilBOjsl6ZMK3kDUTbwLY=
-23,30,tfqPJKH7/RJV2RFTWZzhZ3wRUoc=,NG0TVPWilBOjsl6ZMK3kDUTbwLY=
-21,30,tfqPJKH7/RJV2RFTWZzhZ3wRUoc=,NG0TVPWilBOjsl6ZMK3kDUTbwLY=
-20,20,tfqPJKH7/RJV2RFTWZzhZ3wRUoc=,NG0TVPWilBOjsl6ZMK3kDUTbwLY=
-24,30,tfqPJKH7/RJV2RFTWZzhZ3wRUoc=,NG0TVPWilBOjsl6ZMK3kDUTbwLY=
-20,29,tfqPJKH7/RJV2RFTWZzhZ3wRUoc=,NG0TVPWilBOjsl6ZMK3kDUTbwLY=
-25,29,tfqPJKH7/RJV2RFTWZzhZ3wRUoc=,NG0TVPWilBOjsl6ZMK3kDUTbwLY=
-22,29,tfqPJKH7/RJV2RFTWZzhZ3wRUoc=,NG0TVPWilBOjsl6ZMK3kDUTbwLY=
-27,29,tfqPJKH7/RJV2RFTWZzhZ3wRUoc=,NG0TVPWilBOjsl6ZMK3kDUTbwLY=
-28,29,tfqPJKH7/RJV2RFTWZzhZ3wRUoc=,NG0TVPWilBOjsl6ZMK3kDUTbwLY=
-21,29,tfqPJKH7/RJV2RFTWZzhZ3wRUoc=,NG0TVPWilBOjsl6ZMK3kDUTbwLY=
-19,20,tfqPJKH7/RJV2RFTWZzhZ3wRUoc=,NG0TVPWilBOjsl6ZMK3kDUTbwLY=
-30,29,tfqPJKH7/RJV2RFTWZzhZ3wRUoc=,NG0TVPWilBOjsl6ZMK3kDUTbwLY=
-29,29,tfqPJKH7/RJV2RFTWZzhZ3wRUoc=,NG0TVPWilBOjsl6ZMK3kDUTbwLY=
-31,29,tfqPJKH7/RJV2RFTWZzhZ3wRUoc=,NG0TVPWilBOjsl6ZMK3kDUTbwLY=
-32,29,tfqPJKH7/RJV2RFTWZzhZ3wRUoc=,NG0TVPWilBOjsl6ZMK3kDUTbwLY=
-17,28,tfqPJKH7/RJV2RFTWZzhZ3wRUoc=,NG0TVPWilBOjsl6ZMK3kDUTbwLY=
-31,16,tfqPJKH7/RJV2RFTWZzhZ3wRUoc=,NG0TVPWilBOjsl6ZMK3kDUTbwLY=
-18,28,tfqPJKH7/RJV2RFTWZzhZ3wRUoc=,NG0TVPWilBOjsl6ZMK3kDUTbwLY=
-26,29,tfqPJKH7/RJV2RFTWZzhZ3wRUoc=,NG0TVPWilBOjsl6ZMK3kDUTbwLY=
-18,20,tfqPJKH7/RJV2RFTWZzhZ3wRUoc=,NG0TVPWilBOjsl6ZMK3kDUTbwLY=
-19,28,tfqPJKH7/RJV2RFTWZzhZ3wRUoc=,NG0TVPWilBOjsl6ZMK3kDUTbwLY=
-22,18,tfqPJKH7/RJV2RFTWZzhZ3wRUoc=,NG0TVPWilBOjsl6ZMK3kDUTbwLY=
-18,16,tfqPJKH7/RJV2RFTWZzhZ3wRUoc=,NG0TVPWilBOjsl6ZMK3kDUTbwLY=
-17,20,tfqPJKH7/RJV2RFTWZzhZ3wRUoc=,NG0TVPWilBOjsl6ZMK3kDUTbwLY=
-26,16,tfqPJKH7/RJV2RFTWZzhZ3wRUoc=,NG0TVPWilBOjsl6ZMK3kDUTbwLY=
-32,21,tfqPJKH7/RJV2RFTWZzhZ3wRUoc=,NG0TVPWilBOjsl6ZMK3kDUTbwLY=
-31,21,tfqPJKH7/RJV2RFTWZzhZ3wRUoc=,NG0TVPWilBOjsl6ZMK3kDUTbwLY=
-30,21,tfqPJKH7/RJV2RFTWZzhZ3wRUoc=,NG0TVPWilBOjsl6ZMK3kDUTbwLY=
-29,21,tfqPJKH7/RJV2RFTWZzhZ3wRUoc=,NG0TVPWilBOjsl6ZMK3kDUTbwLY=
-28,21,tfqPJKH7/RJV2RFTWZzhZ3wRUoc=,NG0TVPWilBOjsl6ZMK3kDUTbwLY=
-29,18,tfqPJKH7/RJV2RFTWZzhZ3wRUoc=,NG0TVPWilBOjsl6ZMK3kDUTbwLY=
-27,21,tfqPJKH7/RJV2RFTWZzhZ3wRUoc=,NG0TVPWilBOjsl6ZMK3kDUTbwLY=
-26,21,tfqPJKH7/RJV2RFTWZzhZ3wRUoc=,NG0TVPWilBOjsl6ZMK3kDUTbwLY=
-25,16,tfqPJKH7/RJV2RFTWZzhZ3wRUoc=,NG0TVPWilBOjsl6ZMK3kDUTbwLY=
-25,21,tfqPJKH7/RJV2RFTWZzhZ3wRUoc=,NG0TVPWilBOjsl6ZMK3kDUTbwLY=
-24,21,tfqPJKH7/RJV2RFTWZzhZ3wRUoc=,NG0TVPWilBOjsl6ZMK3kDUTbwLY=
-23,21,tfqPJKH7/RJV2RFTWZzhZ3wRUoc=,NG0TVPWilBOjsl6ZMK3kDUTbwLY=
-22,21,tfqPJKH7/RJV2RFTWZzhZ3wRUoc=,NG0TVPWilBOjsl6ZMK3kDUTbwLY=
-23,29,tfqPJKH7/RJV2RFTWZzhZ3wRUoc=,NG0TVPWilBOjsl6ZMK3kDUTbwLY=
-21,28,tfqPJKH7/RJV2RFTWZzhZ3wRUoc=,NG0TVPWilBOjsl6ZMK3kDUTbwLY=
-22,28,tfqPJKH7/RJV2RFTWZzhZ3wRUoc=,NG0TVPWilBOjsl6ZMK3kDUTbwLY=
-25,28,tfqPJKH7/RJV2RFTWZzhZ3wRUoc=,NG0TVPWilBOjsl6ZMK3kDUTbwLY=
-26,28,tfqPJKH7/RJV2RFTWZzhZ3wRUoc=,NG0TVPWilBOjsl6ZMK3kDUTbwLY=
-27,28,tfqPJKH7/RJV2RFTWZzhZ3wRUoc=,NG0TVPWilBOjsl6ZMK3kDUTbwLY=
-28,28,tfqPJKH7/RJV2RFTWZzhZ3wRUoc=,NG0TVPWilBOjsl6ZMK3kDUTbwLY=
-29,28,tfqPJKH7/RJV2RFTWZzhZ3wRUoc=,NG0TVPWilBOjsl6ZMK3kDUTbwLY=
-30,28,tfqPJKH7/RJV2RFTWZzhZ3wRUoc=,NG0TVPWilBOjsl6ZMK3kDUTbwLY=
-31,28,tfqPJKH7/RJV2RFTWZzhZ3wRUoc=,NG0TVPWilBOjsl6ZMK3kDUTbwLY=
-32,28,tfqPJKH7/RJV2RFTWZzhZ3wRUoc=,NG0TVPWilBOjsl6ZMK3kDUTbwLY=
-17,27,tfqPJKH7/RJV2RFTWZzhZ3wRUoc=,NG0TVPWilBOjsl6ZMK3kDUTbwLY=
-18,27,tfqPJKH7/RJV2RFTWZzhZ3wRUoc=,NG0TVPWilBOjsl6ZMK3kDUTbwLY=
-24,28,tfqPJKH7/RJV2RFTWZzhZ3wRUoc=,NG0TVPWilBOjsl6ZMK3kDUTbwLY=
-21,21,tfqPJKH7/RJV2RFTWZzhZ3wRUoc=,NG0TVPWilBOjsl6ZMK3kDUTbwLY=
-24,29,tfqPJKH7/RJV2RFTWZzhZ3wRUoc=,NG0TVPWilBOjsl6ZMK3kDUTbwLY=
-20,21,tfqPJKH7/RJV2RFTWZzhZ3wRUoc=,NG0TVPWilBOjsl6ZMK3kDUTbwLY=
-20,27,tfqPJKH7/RJV2RFTWZzhZ3wRUoc=,NG0TVPWilBOjsl6ZMK3kDUTbwLY=
-19,27,tfqPJKH7/RJV2RFTWZzhZ3wRUoc=,NG0TVPWilBOjsl6ZMK3kDUTbwLY=
-23,18,tfqPJKH7/RJV2RFTWZzhZ3wRUoc=,NG0TVPWilBOjsl6ZMK3kDUTbwLY=
-19,21,tfqPJKH7/RJV2RFTWZzhZ3wRUoc=,NG0TVPWilBOjsl6ZMK3kDUTbwLY=
-19,16,tfqPJKH7/RJV2RFTWZzhZ3wRUoc=,NG0TVPWilBOjsl6ZMK3kDUTbwLY=
-18,21,tfqPJKH7/RJV2RFTWZzhZ3wRUoc=,NG0TVPWilBOjsl6ZMK3kDUTbwLY=
-22,27,tfqPJKH7/RJV2RFTWZzhZ3wRUoc=,NG0TVPWilBOjsl6ZMK3kDUTbwLY=
-23,27,tfqPJKH7/RJV2RFTWZzhZ3wRUoc=,NG0TVPWilBOjsl6ZMK3kDUTbwLY=
-25,27,tfqPJKH7/RJV2RFTWZzhZ3wRUoc=,NG0TVPWilBOjsl6ZMK3kDUTbwLY=
-26,27,tfqPJKH7/RJV2RFTWZzhZ3wRUoc=,NG0TVPWilBOjsl6ZMK3kDUTbwLY=
-27,27,tfqPJKH7/RJV2RFTWZzhZ3wRUoc=,NG0TVPWilBOjsl6ZMK3kDUTbwLY=
-28,27,tfqPJKH7/RJV2RFTWZzhZ3wRUoc=,NG0TVPWilBOjsl6ZMK3kDUTbwLY=
-29,27,tfqPJKH7/RJV2RFTWZzhZ3wRUoc=,NG0TVPWilBOjsl6ZMK3kDUTbwLY=
-30,27,tfqPJKH7/RJV2RFTWZzhZ3wRUoc=,NG0TVPWilBOjsl6ZMK3kDUTbwLY=
-31,27,tfqPJKH7/RJV2RFTWZzhZ3wRUoc=,NG0TVPWilBOjsl6ZMK3kDUTbwLY=
-32,27,tfqPJKH7/RJV2RFTWZzhZ3wRUoc=,NG0TVPWilBOjsl6ZMK3kDUTbwLY=
-17,26,tfqPJKH7/RJV2RFTWZzhZ3wRUoc=,NG0TVPWilBOjsl6ZMK3kDUTbwLY=
-24,27,tfqPJKH7/RJV2RFTWZzhZ3wRUoc=,NG0TVPWilBOjsl6ZMK3kDUTbwLY=
-17,21,tfqPJKH7/RJV2RFTWZzhZ3wRUoc=,NG0TVPWilBOjsl6ZMK3kDUTbwLY=
-32,22,tfqPJKH7/RJV2RFTWZzhZ3wRUoc=,NG0TVPWilBOjsl6ZMK3kDUTbwLY=
-31,22,tfqPJKH7/RJV2RFTWZzhZ3wRUoc=,NG0TVPWilBOjsl6ZMK3kDUTbwLY=
-30,22,tfqPJKH7/RJV2RFTWZzhZ3wRUoc=,NG0TVPWilBOjsl6ZMK3kDUTbwLY=
-29,22,tfqPJKH7/RJV2RFTWZzhZ3wRUoc=,NG0TVPWilBOjsl6ZMK3kDUTbwLY=
-28,22,tfqPJKH7/RJV2RFTWZzhZ3wRUoc=,NG0TVPWilBOjsl6ZMK3kDUTbwLY=
-18,26,tfqPJKH7/RJV2RFTWZzhZ3wRUoc=,NG0TVPWilBOjsl6ZMK3kDUTbwLY=
-27,22,tfqPJKH7/RJV2RFTWZzhZ3wRUoc=,NG0TVPWilBOjsl6ZMK3kDUTbwLY=
-28,18,tfqPJKH7/RJV2RFTWZzhZ3wRUoc=,NG0TVPWilBOjsl6ZMK3kDUTbwLY=
-24,16,tfqPJKH7/RJV2RFTWZzhZ3wRUoc=,NG0TVPWilBOjsl6ZMK3kDUTbwLY=
-26,22,tfqPJKH7/RJV2RFTWZzhZ3wRUoc=,NG0TVPWilBOjsl6ZMK3kDUTbwLY=
-25,22,tfqPJKH7/RJV2RFTWZzhZ3wRUoc=,NG0TVPWilBOjsl6ZMK3kDUTbwLY=
-24,22,tfqPJKH7/RJV2RFTWZzhZ3wRUoc=,NG0TVPWilBOjsl6ZMK3kDUTbwLY=
-23,22,tfqPJKH7/RJV2RFTWZzhZ3wRUoc=,NG0TVPWilBOjsl6ZMK3kDUTbwLY=
-22,30,tfqPJKH7/RJV2RFTWZzhZ3wRUoc=,NG0TVPWilBOjsl6ZMK3kDUTbwLY=
-22,22,tfqPJKH7/RJV2RFTWZzhZ3wRUoc=,NG0TVPWilBOjsl6ZMK3kDUTbwLY=
-20,28,tfqPJKH7/RJV2RFTWZzhZ3wRUoc=,NG0TVPWilBOjsl6ZMK3kDUTbwLY=
-20,26,tfqPJKH7/RJV2RFTWZzhZ3wRUoc=,NG0TVPWilBOjsl6ZMK3kDUTbwLY=
-19,26,tfqPJKH7/RJV2RFTWZzhZ3wRUoc=,NG0TVPWilBOjsl6ZMK3kDUTbwLY=
-24,18,tfqPJKH7/RJV2RFTWZzhZ3wRUoc=,NG0TVPWilBOjsl6ZMK3kDUTbwLY=
-23,26,tfqPJKH7/RJV2RFTWZzhZ3wRUoc=,NG0TVPWilBOjsl6ZMK3kDUTbwLY=
-24,26,tfqPJKH7/RJV2RFTWZzhZ3wRUoc=,NG0TVPWilBOjsl6ZMK3kDUTbwLY=
-20,16,tfqPJKH7/RJV2RFTWZzhZ3wRUoc=,NG0TVPWilBOjsl6ZMK3kDUTbwLY=
-25,26,tfqPJKH7/RJV2RFTWZzhZ3wRUoc=,NG0TVPWilBOjsl6ZMK3kDUTbwLY=
-26,26,tfqPJKH7/RJV2RFTWZzhZ3wRUoc=,NG0TVPWilBOjsl6ZMK3kDUTbwLY=
-27,26,tfqPJKH7/RJV2RFTWZzhZ3wRUoc=,NG0TVPWilBOjsl6ZMK3kDUTbwLY=
-28,26,tfqPJKH7/RJV2RFTWZzhZ3wRUoc=,NG0TVPWilBOjsl6ZMK3kDUTbwLY=
-29,26,tfqPJKH7/RJV2RFTWZzhZ3wRUoc=,NG0TVPWilBOjsl6ZMK3kDUTbwLY=
-30,26,tfqPJKH7/RJV2RFTWZzhZ3wRUoc=,NG0TVPWilBOjsl6ZMK3kDUTbwLY=
-32,26,tfqPJKH7/RJV2RFTWZzhZ3wRUoc=,NG0TVPWilBOjsl6ZMK3kDUTbwLY=
-31,26,tfqPJKH7/RJV2RFTWZzhZ3wRUoc=,NG0TVPWilBOjsl6ZMK3kDUTbwLY=
-21,22,tfqPJKH7/RJV2RFTWZzhZ3wRUoc=,NG0TVPWilBOjsl6ZMK3kDUTbwLY=
-17,25,tfqPJKH7/RJV2RFTWZzhZ3wRUoc=,NG0TVPWilBOjsl6ZMK3kDUTbwLY=
-18,25,tfqPJKH7/RJV2RFTWZzhZ3wRUoc=,NG0TVPWilBOjsl6ZMK3kDUTbwLY=
-19,25,tfqPJKH7/RJV2RFTWZzhZ3wRUoc=,NG0TVPWilBOjsl6ZMK3kDUTbwLY=
-20,25,tfqPJKH7/RJV2RFTWZzhZ3wRUoc=,NG0TVPWilBOjsl6ZMK3kDUTbwLY=
-20,22,tfqPJKH7/RJV2RFTWZzhZ3wRUoc=,NG0TVPWilBOjsl6ZMK3kDUTbwLY=
-19,22,tfqPJKH7/RJV2RFTWZzhZ3wRUoc=,NG0TVPWilBOjsl6ZMK3kDUTbwLY=
-22,26,tfqPJKH7/RJV2RFTWZzhZ3wRUoc=,NG0TVPWilBOjsl6ZMK3kDUTbwLY=
-21,26,tfqPJKH7/RJV2RFTWZzhZ3wRUoc=,NG0TVPWilBOjsl6ZMK3kDUTbwLY=
-18,22,tfqPJKH7/RJV2RFTWZzhZ3wRUoc=,NG0TVPWilBOjsl6ZMK3kDUTbwLY=
-23,28,tfqPJKH7/RJV2RFTWZzhZ3wRUoc=,NG0TVPWilBOjsl6ZMK3kDUTbwLY=
-22,25,tfqPJKH7/RJV2RFTWZzhZ3wRUoc=,NG0TVPWilBOjsl6ZMK3kDUTbwLY=
-24,25,tfqPJKH7/RJV2RFTWZzhZ3wRUoc=,NG0TVPWilBOjsl6ZMK3kDUTbwLY=
-25,25,tfqPJKH7/RJV2RFTWZzhZ3wRUoc=,NG0TVPWilBOjsl6ZMK3kDUTbwLY=
-25,18,tfqPJKH7/RJV2RFTWZzhZ3wRUoc=,NG0TVPWilBOjsl6ZMK3kDUTbwLY=
-26,25,tfqPJKH7/RJV2RFTWZzhZ3wRUoc=,NG0TVPWilBOjsl6ZMK3kDUTbwLY=
-28,25,tfqPJKH7/RJV2RFTWZzhZ3wRUoc=,NG0TVPWilBOjsl6ZMK3kDUTbwLY=
-27,25,tfqPJKH7/RJV2RFTWZzhZ3wRUoc=,NG0TVPWilBOjsl6ZMK3kDUTbwLY=
-29,25,tfqPJKH7/RJV2RFTWZzhZ3wRUoc=,NG0TVPWilBOjsl6ZMK3kDUTbwLY=
-30,25,tfqPJKH7/RJV2RFTWZzhZ3wRUoc=,NG0TVPWilBOjsl6ZMK3kDUTbwLY=
-32,25,tfqPJKH7/RJV2RFTWZzhZ3wRUoc=,NG0TVPWilBOjsl6ZMK3kDUTbwLY=
-17,22,tfqPJKH7/RJV2RFTWZzhZ3wRUoc=,NG0TVPWilBOjsl6ZMK3kDUTbwLY=
-31,25,tfqPJKH7/RJV2RFTWZzhZ3wRUoc=,NG0TVPWilBOjsl6ZMK3kDUTbwLY=
-32,23,tfqPJKH7/RJV2RFTWZzhZ3wRUoc=,NG0TVPWilBOjsl6ZMK3kDUTbwLY=
-30,23,tfqPJKH7/RJV2RFTWZzhZ3wRUoc=,NG0TVPWilBOjsl6ZMK3kDUTbwLY=
-31,23,tfqPJKH7/RJV2RFTWZzhZ3wRUoc=,NG0TVPWilBOjsl6ZMK3kDUTbwLY=
-21,25,tfqPJKH7/RJV2RFTWZzhZ3wRUoc=,NG0TVPWilBOjsl6ZMK3kDUTbwLY=
-29,23,tfqPJKH7/RJV2RFTWZzhZ3wRUoc=,NG0TVPWilBOjsl6ZMK3kDUTbwLY=
-28,23,tfqPJKH7/RJV2RFTWZzhZ3wRUoc=,NG0TVPWilBOjsl6ZMK3kDUTbwLY=
-27,23,tfqPJKH7/RJV2RFTWZzhZ3wRUoc=,NG0TVPWilBOjsl6ZMK3kDUTbwLY=
-26,23,tfqPJKH7/RJV2RFTWZzhZ3wRUoc=,NG0TVPWilBOjsl6ZMK3kDUTbwLY=
-27,18,tfqPJKH7/RJV2RFTWZzhZ3wRUoc=,NG0TVPWilBOjsl6ZMK3kDUTbwLY=
-25,23,tfqPJKH7/RJV2RFTWZzhZ3wRUoc=,NG0TVPWilBOjsl6ZMK3kDUTbwLY=
-23,16,tfqPJKH7/RJV2RFTWZzhZ3wRUoc=,NG0TVPWilBOjsl6ZMK3kDUTbwLY=
-24,23,tfqPJKH7/RJV2RFTWZzhZ3wRUoc=,NG0TVPWilBOjsl6ZMK3kDUTbwLY=
-23,23,tfqPJKH7/RJV2RFTWZzhZ3wRUoc=,NG0TVPWilBOjsl6ZMK3kDUTbwLY=
-22,23,tfqPJKH7/RJV2RFTWZzhZ3wRUoc=,NG0TVPWilBOjsl6ZMK3kDUTbwLY=
-17,24,tfqPJKH7/RJV2RFTWZzhZ3wRUoc=,NG0TVPWilBOjsl6ZMK3kDUTbwLY=
-19,24,tfqPJKH7/RJV2RFTWZzhZ3wRUoc=,NG0TVPWilBOjsl6ZMK3kDUTbwLY=
-21,16,tfqPJKH7/RJV2RFTWZzhZ3wRUoc=,NG0TVPWilBOjsl6ZMK3kDUTbwLY=
-20,24,tfqPJKH7/RJV2RFTWZzhZ3wRUoc=,NG0TVPWilBOjsl6ZMK3kDUTbwLY=
-23,25,tfqPJKH7/RJV2RFTWZzhZ3wRUoc=,NG0TVPWilBOjsl6ZMK3kDUTbwLY=
-23,24,tfqPJKH7/RJV2RFTWZzhZ3wRUoc=,NG0TVPWilBOjsl6ZMK3kDUTbwLY=
-22,16,tfqPJKH7/RJV2RFTWZzhZ3wRUoc=,NG0TVPWilBOjsl6ZMK3kDUTbwLY=
-26,18,tfqPJKH7/RJV2RFTWZzhZ3wRUoc=,NG0TVPWilBOjsl6ZMK3kDUTbwLY=
-24,24,tfqPJKH7/RJV2RFTWZzhZ3wRUoc=,NG0TVPWilBOjsl6ZMK3kDUTbwLY=
-25,24,tfqPJKH7/RJV2RFTWZzhZ3wRUoc=,NG0TVPWilBOjsl6ZMK3kDUTbwLY=
-27,24,tfqPJKH7/RJV2RFTWZzhZ3wRUoc=,NG0TVPWilBOjsl6ZMK3kDUTbwLY=
-26,24,tfqPJKH7/RJV2RFTWZzhZ3wRUoc=,NG0TVPWilBOjsl6ZMK3kDUTbwLY=
-28,24,tfqPJKH7/RJV2RFTWZzhZ3wRUoc=,NG0TVPWilBOjsl6ZMK3kDUTbwLY=
-29,24,tfqPJKH7/RJV2RFTWZzhZ3wRUoc=,NG0TVPWilBOjsl6ZMK3kDUTbwLY=
-31,24,tfqPJKH7/RJV2RFTWZzhZ3wRUoc=,NG0TVPWilBOjsl6ZMK3kDUTbwLY=
-30,24,tfqPJKH7/RJV2RFTWZzhZ3wRUoc=,NG0TVPWilBOjsl6ZMK3kDUTbwLY=
-32,24,tfqPJKH7/RJV2RFTWZzhZ3wRUoc=,NG0TVPWilBOjsl6ZMK3kDUTbwLY=
-17,23,tfqPJKH7/RJV2RFTWZzhZ3wRUoc=,NG0TVPWilBOjsl6ZMK3kDUTbwLY=
-19,23,tfqPJKH7/RJV2RFTWZzhZ3wRUoc=,NG0TVPWilBOjsl6ZMK3kDUTbwLY=
-21,23,tfqPJKH7/RJV2RFTWZzhZ3wRUoc=,NG0TVPWilBOjsl6ZMK3kDUTbwLY=
-18,23,tfqPJKH7/RJV2RFTWZzhZ3wRUoc=,NG0TVPWilBOjsl6ZMK3kDUTbwLY=
-22,24,tfqPJKH7/RJV2RFTWZzhZ3wRUoc=,NG0TVPWilBOjsl6ZMK3kDUTbwLY=
-21,24,tfqPJKH7/RJV2RFTWZzhZ3wRUoc=,NG0TVPWilBOjsl6ZMK3kDUTbwLY=
-21,27,tfqPJKH7/RJV2RFTWZzhZ3wRUoc=,NG0TVPWilBOjsl6ZMK3kDUTbwLY=
-18,24,tfqPJKH7/RJV2RFTWZzhZ3wRUoc=,NG0TVPWilBOjsl6ZMK3kDUTbwLY=
-20,23,tfqPJKH7/RJV2RFTWZzhZ3wRUoc=,NG0TVPWilBOjsl6ZMK3kDUTbwLY=
-6,18,f3kYYwk2A/6blL+BfuIrZYp/lkU=,0SneDFLdSBVnrLFBwnnjXnukJGQ=
-1,17,f3kYYwk2A/6blL+BfuIrZYp/lkU=,0SneDFLdSBVnrLFBwnnjXnukJGQ=
-7,18,f3kYYwk2A/6blL+BfuIrZYp/lkU=,0SneDFLdSBVnrLFBwnnjXnukJGQ=
-8,18,f3kYYwk2A/6blL+BfuIrZYp/lkU=,0SneDFLdSBVnrLFBwnnjXnukJGQ=
-9,18,bcOWsErsujPuBhWjThmIxGUZGrU=,0SneDFLdSBVnrLFBwnnjXnukJGQ=
-10,18,bcOWsErsujPuBhWjThmIxGUZGrU=,0SneDFLdSBVnrLFBwnnjXnukJGQ=
-11,18,bcOWsErsujPuBhWjThmIxGUZGrU=,0SneDFLdSBVnrLFBwnnjXnukJGQ=
-13,16,bcOWsErsujPuBhWjThmIxGUZGrU=,0SneDFLdSBVnrLFBwnnjXnukJGQ=
-12,18,bcOWsErsujPuBhWjThmIxGUZGrU=,0SneDFLdSBVnrLFBwnnjXnukJGQ=
-13,18,bcOWsErsujPuBhWjThmIxGUZGrU=,0SneDFLdSBVnrLFBwnnjXnukJGQ=
-5,18,bcOWsErsujPuBhWjThmIxGUZGrU=,0SneDFLdSBVnrLFBwnnjXnukJGQ=
-14,18,bcOWsErsujPuBhWjThmIxGUZGrU=,0SneDFLdSBVnrLFBwnnjXnukJGQ=
-15,18,bcOWsErsujPuBhWjThmIxGUZGrU=,0SneDFLdSBVnrLFBwnnjXnukJGQ=
-5,19,bcOWsErsujPuBhWjThmIxGUZGrU=,0SneDFLdSBVnrLFBwnnjXnukJGQ=
-4,18,bcOWsErsujPuBhWjThmIxGUZGrU=,0SneDFLdSBVnrLFBwnnjXnukJGQ=
-16,18,bcOWsErsujPuBhWjThmIxGUZGrU=,0SneDFLdSBVnrLFBwnnjXnukJGQ=
-3,18,bcOWsErsujPuBhWjThmIxGUZGrU=,0SneDFLdSBVnrLFBwnnjXnukJGQ=
-4,19,bcOWsErsujPuBhWjThmIxGUZGrU=,0SneDFLdSBVnrLFBwnnjXnukJGQ=
-1,31,bcOWsErsujPuBhWjThmIxGUZGrU=,0SneDFLdSBVnrLFBwnnjXnukJGQ=
-2,31,bcOWsErsujPuBhWjThmIxGUZGrU=,0SneDFLdSBVnrLFBwnnjXnukJGQ=
-14,16,bcOWsErsujPuBhWjThmIxGUZGrU=,0SneDFLdSBVnrLFBwnnjXnukJGQ=
-6,31,bcOWsErsujPuBhWjThmIxGUZGrU=,0SneDFLdSBVnrLFBwnnjXnukJGQ=
-8,31,bcOWsErsujPuBhWjThmIxGUZGrU=,0SneDFLdSBVnrLFBwnnjXnukJGQ=
-13,31,bcOWsErsujPuBhWjThmIxGUZGrU=,0SneDFLdSBVnrLFBwnnjXnukJGQ=
-5,31,bcOWsErsujPuBhWjThmIxGUZGrU=,0SneDFLdSBVnrLFBwnnjXnukJGQ=
-14,31,bcOWsErsujPuBhWjThmIxGUZGrU=,0SneDFLdSBVnrLFBwnnjXnukJGQ=
-15,31,bcOWsErsujPuBhWjThmIxGUZGrU=,0SneDFLdSBVnrLFBwnnjXnukJGQ=
-9,31,bcOWsErsujPuBhWjThmIxGUZGrU=,0SneDFLdSBVnrLFBwnnjXnukJGQ=
-16,31,bcOWsErsujPuBhWjThmIxGUZGrU=,0SneDFLdSBVnrLFBwnnjXnukJGQ=
-6,19,bcOWsErsujPuBhWjThmIxGUZGrU=,0SneDFLdSBVnrLFBwnnjXnukJGQ=
-2,17,bcOWsErsujPuBhWjThmIxGUZGrU=,0SneDFLdSBVnrLFBwnnjXnukJGQ=
-1,30,bcOWsErsujPuBhWjThmIxGUZGrU=,0SneDFLdSBVnrLFBwnnjXnukJGQ=
-10,31,bcOWsErsujPuBhWjThmIxGUZGrU=,0SneDFLdSBVnrLFBwnnjXnukJGQ=
-3,31,bcOWsErsujPuBhWjThmIxGUZGrU=,0SneDFLdSBVnrLFBwnnjXnukJGQ=
-2,18,bcOWsErsujPuBhWjThmIxGUZGrU=,0SneDFLdSBVnrLFBwnnjXnukJGQ=
-4,31,bcOWsErsujPuBhWjThmIxGUZGrU=,0SneDFLdSBVnrLFBwnnjXnukJGQ=
-12,16,bcOWsErsujPuBhWjThmIxGUZGrU=,0SneDFLdSBVnrLFBwnnjXnukJGQ=
-5,30,bcOWsErsujPuBhWjThmIxGUZGrU=,0SneDFLdSBVnrLFBwnnjXnukJGQ=
-4,30,bcOWsErsujPuBhWjThmIxGUZGrU=,0SneDFLdSBVnrLFBwnnjXnukJGQ=
-6,30,bcOWsErsujPuBhWjThmIxGUZGrU=,0SneDFLdSBVnrLFBwnnjXnukJGQ=
-2,30,bcOWsErsujPuBhWjThmIxGUZGrU=,0SneDFLdSBVnrLFBwnnjXnukJGQ=
-10,30,bcOWsErsujPuBhWjThmIxGUZGrU=,0SneDFLdSBVnrLFBwnnjXnukJGQ=
-8,30,bcOWsErsujPuBhWjThmIxGUZGrU=,0SneDFLdSBVnrLFBwnnjXnukJGQ=
-12,30,bcOWsErsujPuBhWjThmIxGUZGrU=,0SneDFLdSBVnrLFBwnnjXnukJGQ=
-13,30,bcOWsErsujPuBhWjThmIxGUZGrU=,0SneDFLdSBVnrLFBwnnjXnukJGQ=
-14,30,bcOWsErsujPuBhWjThmIxGUZGrU=,0SneDFLdSBVnrLFBwnnjXnukJGQ=
-7,30,bcOWsErsujPuBhWjThmIxGUZGrU=,0SneDFLdSBVnrLFBwnnjXnukJGQ=
-15,17,bcOWsErsujPuBhWjThmIxGUZGrU=,0SneDFLdSBVnrLFBwnnjXnukJGQ=
-16,17,bcOWsErsujPuBhWjThmIxGUZGrU=,0SneDFLdSBVnrLFBwnnjXnukJGQ=
-15,30,bcOWsErsujPuBhWjThmIxGUZGrU=,0SneDFLdSBVnrLFBwnnjXnukJGQ=
-16,30,bcOWsErsujPuBhWjThmIxGUZGrU=,0SneDFLdSBVnrLFBwnnjXnukJGQ=
-15,16,bcOWsErsujPuBhWjThmIxGUZGrU=,0SneDFLdSBVnrLFBwnnjXnukJGQ=
-7,19,bcOWsErsujPuBhWjThmIxGUZGrU=,0SneDFLdSBVnrLFBwnnjXnukJGQ=
-9,30,bcOWsErsujPuBhWjThmIxGUZGrU=,0SneDFLdSBVnrLFBwnnjXnukJGQ=
-12,31,bcOWsErsujPuBhWjThmIxGUZGrU=,0SneDFLdSBVnrLFBwnnjXnukJGQ=
-3,29,bcOWsErsujPuBhWjThmIxGUZGrU=,0SneDFLdSBVnrLFBwnnjXnukJGQ=
-1,29,bcOWsErsujPuBhWjThmIxGUZGrU=,0SneDFLdSBVnrLFBwnnjXnukJGQ=
-2,29,bcOWsErsujPuBhWjThmIxGUZGrU=,0SneDFLdSBVnrLFBwnnjXnukJGQ=
-7,29,bcOWsErsujPuBhWjThmIxGUZGrU=,0SneDFLdSBVnrLFBwnnjXnukJGQ=
-7,31,bcOWsErsujPuBhWjThmIxGUZGrU=,0SneDFLdSBVnrLFBwnnjXnukJGQ=
-5,29,bcOWsErsujPuBhWjThmIxGUZGrU=,0SneDFLdSBVnrLFBwnnjXnukJGQ=
-6,29,bcOWsErsujPuBhWjThmIxGUZGrU=,0SneDFLdSBVnrLFBwnnjXnukJGQ=
-10,29,bcOWsErsujPuBhWjThmIxGUZGrU=,0SneDFLdSBVnrLFBwnnjXnukJGQ=
-8,29,bcOWsErsujPuBhWjThmIxGUZGrU=,0SneDFLdSBVnrLFBwnnjXnukJGQ=
-13,29,bcOWsErsujPuBhWjThmIxGUZGrU=,0SneDFLdSBVnrLFBwnnjXnukJGQ=
-11,29,bcOWsErsujPuBhWjThmIxGUZGrU=,0SneDFLdSBVnrLFBwnnjXnukJGQ=
-1,16,bcOWsErsujPuBhWjThmIxGUZGrU=,0SneDFLdSBVnrLFBwnnjXnukJGQ=
-8,19,bcOWsErsujPuBhWjThmIxGUZGrU=,0SneDFLdSBVnrLFBwnnjXnukJGQ=
-14,29,bcOWsErsujPuBhWjThmIxGUZGrU=,0SneDFLdSBVnrLFBwnnjXnukJGQ=
-15,29,bcOWsErsujPuBhWjThmIxGUZGrU=,0SneDFLdSBVnrLFBwnnjXnukJGQ=
-12,29,bcOWsErsujPuBhWjThmIxGUZGrU=,0SneDFLdSBVnrLFBwnnjXnukJGQ=
-16,29,bcOWsErsujPuBhWjThmIxGUZGrU=,0SneDFLdSBVnrLFBwnnjXnukJGQ=
-3,17,bcOWsErsujPuBhWjThmIxGUZGrU=,0SneDFLdSBVnrLFBwnnjXnukJGQ=
-9,29,bcOWsErsujPuBhWjThmIxGUZGrU=,0SneDFLdSBVnrLFBwnnjXnukJGQ=
-4,17,bcOWsErsujPuBhWjThmIxGUZGrU=,0SneDFLdSBVnrLFBwnnjXnukJGQ=
-3,19,bcOWsErsujPuBhWjThmIxGUZGrU=,0SneDFLdSBVnrLFBwnnjXnukJGQ=
-11,30,bcOWsErsujPuBhWjThmIxGUZGrU=,0SneDFLdSBVnrLFBwnnjXnukJGQ=
-1,28,bcOWsErsujPuBhWjThmIxGUZGrU=,0SneDFLdSBVnrLFBwnnjXnukJGQ=
-3,28,bcOWsErsujPuBhWjThmIxGUZGrU=,0SneDFLdSBVnrLFBwnnjXnukJGQ=
-2,28,bcOWsErsujPuBhWjThmIxGUZGrU=,0SneDFLdSBVnrLFBwnnjXnukJGQ=
-4,28,bcOWsErsujPuBhWjThmIxGUZGrU=,0SneDFLdSBVnrLFBwnnjXnukJGQ=
-9,28,bcOWsErsujPuBhWjThmIxGUZGrU=,0SneDFLdSBVnrLFBwnnjXnukJGQ=
-10,28,bcOWsErsujPuBhWjThmIxGUZGrU=,0SneDFLdSBVnrLFBwnnjXnukJGQ=
-12,28,bcOWsErsujPuBhWjThmIxGUZGrU=,0SneDFLdSBVnrLFBwnnjXnukJGQ=
-2,16,bcOWsErsujPuBhWjThmIxGUZGrU=,0SneDFLdSBVnrLFBwnnjXnukJGQ=
-9,19,bcOWsErsujPuBhWjThmIxGUZGrU=,0SneDFLdSBVnrLFBwnnjXnukJGQ=
-13,28,bcOWsErsujPuBhWjThmIxGUZGrU=,0SneDFLdSBVnrLFBwnnjXnukJGQ=
-14,28,bcOWsErsujPuBhWjThmIxGUZGrU=,0SneDFLdSBVnrLFBwnnjXnukJGQ=
-15,28,bcOWsErsujPuBhWjThmIxGUZGrU=,0SneDFLdSBVnrLFBwnnjXnukJGQ=
-6,28,bcOWsErsujPuBhWjThmIxGUZGrU=,0SneDFLdSBVnrLFBwnnjXnukJGQ=
-16,28,bcOWsErsujPuBhWjThmIxGUZGrU=,0SneDFLdSBVnrLFBwnnjXnukJGQ=
-8,28,bcOWsErsujPuBhWjThmIxGUZGrU=,0SneDFLdSBVnrLFBwnnjXnukJGQ=
-5,17,bcOWsErsujPuBhWjThmIxGUZGrU=,0SneDFLdSBVnrLFBwnnjXnukJGQ=
-7,28,bcOWsErsujPuBhWjThmIxGUZGrU=,0SneDFLdSBVnrLFBwnnjXnukJGQ=
-11,28,bcOWsErsujPuBhWjThmIxGUZGrU=,0SneDFLdSBVnrLFBwnnjXnukJGQ=
-4,29,bcOWsErsujPuBhWjThmIxGUZGrU=,0SneDFLdSBVnrLFBwnnjXnukJGQ=
-3,27,bcOWsErsujPuBhWjThmIxGUZGrU=,0SneDFLdSBVnrLFBwnnjXnukJGQ=
-2,27,bcOWsErsujPuBhWjThmIxGUZGrU=,0SneDFLdSBVnrLFBwnnjXnukJGQ=
-1,27,bcOWsErsujPuBhWjThmIxGUZGrU=,0SneDFLdSBVnrLFBwnnjXnukJGQ=
-9,27,bcOWsErsujPuBhWjThmIxGUZGrU=,0SneDFLdSBVnrLFBwnnjXnukJGQ=
-10,27,bcOWsErsujPuBhWjThmIxGUZGrU=,0SneDFLdSBVnrLFBwnnjXnukJGQ=
-11,27,bcOWsErsujPuBhWjThmIxGUZGrU=,0SneDFLdSBVnrLFBwnnjXnukJGQ=
-6,27,bcOWsErsujPuBhWjThmIxGUZGrU=,0SneDFLdSBVnrLFBwnnjXnukJGQ=
-4,27,bcOWsErsujPuBhWjThmIxGUZGrU=,0SneDFLdSBVnrLFBwnnjXnukJGQ=
-10,19,bcOWsErsujPuBhWjThmIxGUZGrU=,0SneDFLdSBVnrLFBwnnjXnukJGQ=
-7,27,bcOWsErsujPuBhWjThmIxGUZGrU=,0SneDFLdSBVnrLFBwnnjXnukJGQ=
-14,27,bcOWsErsujPuBhWjThmIxGUZGrU=,0SneDFLdSBVnrLFBwnnjXnukJGQ=
-13,27,bcOWsErsujPuBhWjThmIxGUZGrU=,0SneDFLdSBVnrLFBwnnjXnukJGQ=
-15,27,bcOWsErsujPuBhWjThmIxGUZGrU=,0SneDFLdSBVnrLFBwnnjXnukJGQ=
-6,17,bcOWsErsujPuBhWjThmIxGUZGrU=,0SneDFLdSBVnrLFBwnnjXnukJGQ=
-16,27,bcOWsErsujPuBhWjThmIxGUZGrU=,0SneDFLdSBVnrLFBwnnjXnukJGQ=
-3,16,bcOWsErsujPuBhWjThmIxGUZGrU=,0SneDFLdSBVnrLFBwnnjXnukJGQ=
-12,27,bcOWsErsujPuBhWjThmIxGUZGrU=,0SneDFLdSBVnrLFBwnnjXnukJGQ=
-8,27,bcOWsErsujPuBhWjThmIxGUZGrU=,0SneDFLdSBVnrLFBwnnjXnukJGQ=
-3,26,bcOWsErsujPuBhWjThmIxGUZGrU=,0SneDFLdSBVnrLFBwnnjXnukJGQ=
-2,26,bcOWsErsujPuBhWjThmIxGUZGrU=,0SneDFLdSBVnrLFBwnnjXnukJGQ=
-3,30,bcOWsErsujPuBhWjThmIxGUZGrU=,0SneDFLdSBVnrLFBwnnjXnukJGQ=
-2,19,bcOWsErsujPuBhWjThmIxGUZGrU=,0SneDFLdSBVnrLFBwnnjXnukJGQ=
-11,16,bcOWsErsujPuBhWjThmIxGUZGrU=,0SneDFLdSBVnrLFBwnnjXnukJGQ=
-1,19,bcOWsErsujPuBhWjThmIxGUZGrU=,0SneDFLdSBVnrLFBwnnjXnukJGQ=
-4,26,bcOWsErsujPuBhWjThmIxGUZGrU=,0SneDFLdSBVnrLFBwnnjXnukJGQ=
-14,17,bcOWsErsujPuBhWjThmIxGUZGrU=,0SneDFLdSBVnrLFBwnnjXnukJGQ=
-16,20,bcOWsErsujPuBhWjThmIxGUZGrU=,0SneDFLdSBVnrLFBwnnjXnukJGQ=
-15,20,bcOWsErsujPuBhWjThmIxGUZGrU=,0SneDFLdSBVnrLFBwnnjXnukJGQ=
-14,20,bcOWsErsujPuBhWjThmIxGUZGrU=,0SneDFLdSBVnrLFBwnnjXnukJGQ=
-13,20,bcOWsErsujPuBhWjThmIxGUZGrU=,0SneDFLdSBVnrLFBwnnjXnukJGQ=
-12,20,bcOWsErsujPuBhWjThmIxGUZGrU=,0SneDFLdSBVnrLFBwnnjXnukJGQ=
-11,20,bcOWsErsujPuBhWjThmIxGUZGrU=,0SneDFLdSBVnrLFBwnnjXnukJGQ=
-10,20,bcOWsErsujPuBhWjThmIxGUZGrU=,0SneDFLdSBVnrLFBwnnjXnukJGQ=
-9,20,bcOWsErsujPuBhWjThmIxGUZGrU=,0SneDFLdSBVnrLFBwnnjXnukJGQ=
-8,20,bcOWsErsujPuBhWjThmIxGUZGrU=,0SneDFLdSBVnrLFBwnnjXnukJGQ=
-7,20,bcOWsErsujPuBhWjThmIxGUZGrU=,0SneDFLdSBVnrLFBwnnjXnukJGQ=
-5,28,bcOWsErsujPuBhWjThmIxGUZGrU=,0SneDFLdSBVnrLFBwnnjXnukJGQ=
-6,20,bcOWsErsujPuBhWjThmIxGUZGrU=,0SneDFLdSBVnrLFBwnnjXnukJGQ=
-5,26,bcOWsErsujPuBhWjThmIxGUZGrU=,0SneDFLdSBVnrLFBwnnjXnukJGQ=
-1,18,bcOWsErsujPuBhWjThmIxGUZGrU=,0SneDFLdSBVnrLFBwnnjXnukJGQ=
-8,26,bcOWsErsujPuBhWjThmIxGUZGrU=,0SneDFLdSBVnrLFBwnnjXnukJGQ=
-6,26,bcOWsErsujPuBhWjThmIxGUZGrU=,0SneDFLdSBVnrLFBwnnjXnukJGQ=
-11,19,bcOWsErsujPuBhWjThmIxGUZGrU=,0SneDFLdSBVnrLFBwnnjXnukJGQ=
-12,26,bcOWsErsujPuBhWjThmIxGUZGrU=,0SneDFLdSBVnrLFBwnnjXnukJGQ=
-13,26,bcOWsErsujPuBhWjThmIxGUZGrU=,0SneDFLdSBVnrLFBwnnjXnukJGQ=
-4,16,bcOWsErsujPuBhWjThmIxGUZGrU=,0SneDFLdSBVnrLFBwnnjXnukJGQ=
-14,26,bcOWsErsujPuBhWjThmIxGUZGrU=,0SneDFLdSBVnrLFBwnnjXnukJGQ=
-15,26,bcOWsErsujPuBhWjThmIxGUZGrU=,0SneDFLdSBVnrLFBwnnjXnukJGQ=
-7,17,bcOWsErsujPuBhWjThmIxGUZGrU=,0SneDFLdSBVnrLFBwnnjXnukJGQ=
-16,26,bcOWsErsujPuBhWjThmIxGUZGrU=,0SneDFLdSBVnrLFBwnnjXnukJGQ=
-5,20,bcOWsErsujPuBhWjThmIxGUZGrU=,0SneDFLdSBVnrLFBwnnjXnukJGQ=
-10,26,bcOWsErsujPuBhWjThmIxGUZGrU=,0SneDFLdSBVnrLFBwnnjXnukJGQ=
-11,26,bcOWsErsujPuBhWjThmIxGUZGrU=,0SneDFLdSBVnrLFBwnnjXnukJGQ=
-10,16,bcOWsErsujPuBhWjThmIxGUZGrU=,0SneDFLdSBVnrLFBwnnjXnukJGQ=
-2,25,bcOWsErsujPuBhWjThmIxGUZGrU=,0SneDFLdSBVnrLFBwnnjXnukJGQ=
-3,25,bcOWsErsujPuBhWjThmIxGUZGrU=,0SneDFLdSBVnrLFBwnnjXnukJGQ=
-7,26,bcOWsErsujPuBhWjThmIxGUZGrU=,0SneDFLdSBVnrLFBwnnjXnukJGQ=
-1,25,bcOWsErsujPuBhWjThmIxGUZGrU=,0SneDFLdSBVnrLFBwnnjXnukJGQ=
-5,27,bcOWsErsujPuBhWjThmIxGUZGrU=,0SneDFLdSBVnrLFBwnnjXnukJGQ=
-7,25,bcOWsErsujPuBhWjThmIxGUZGrU=,0SneDFLdSBVnrLFBwnnjXnukJGQ=
-9,26,bcOWsErsujPuBhWjThmIxGUZGrU=,0SneDFLdSBVnrLFBwnnjXnukJGQ=
-4,20,bcOWsErsujPuBhWjThmIxGUZGrU=,0SneDFLdSBVnrLFBwnnjXnukJGQ=
-6,25,bcOWsErsujPuBhWjThmIxGUZGrU=,0SneDFLdSBVnrLFBwnnjXnukJGQ=
-12,19,bcOWsErsujPuBhWjThmIxGUZGrU=,0SneDFLdSBVnrLFBwnnjXnukJGQ=
-11,25,bcOWsErsujPuBhWjThmIxGUZGrU=,0SneDFLdSBVnrLFBwnnjXnukJGQ=
-5,16,bcOWsErsujPuBhWjThmIxGUZGrU=,0SneDFLdSBVnrLFBwnnjXnukJGQ=
-12,25,bcOWsErsujPuBhWjThmIxGUZGrU=,0SneDFLdSBVnrLFBwnnjXnukJGQ=
-14,25,bcOWsErsujPuBhWjThmIxGUZGrU=,0SneDFLdSBVnrLFBwnnjXnukJGQ=
-13,25,bcOWsErsujPuBhWjThmIxGUZGrU=,0SneDFLdSBVnrLFBwnnjXnukJGQ=
-15,25,bcOWsErsujPuBhWjThmIxGUZGrU=,0SneDFLdSBVnrLFBwnnjXnukJGQ=
-16,25,bcOWsErsujPuBhWjThmIxGUZGrU=,0SneDFLdSBVnrLFBwnnjXnukJGQ=
-8,17,bcOWsErsujPuBhWjThmIxGUZGrU=,0SneDFLdSBVnrLFBwnnjXnukJGQ=
-4,25,bcOWsErsujPuBhWjThmIxGUZGrU=,0SneDFLdSBVnrLFBwnnjXnukJGQ=
-10,25,bcOWsErsujPuBhWjThmIxGUZGrU=,0SneDFLdSBVnrLFBwnnjXnukJGQ=
-1,24,bcOWsErsujPuBhWjThmIxGUZGrU=,0SneDFLdSBVnrLFBwnnjXnukJGQ=
-5,25,bcOWsErsujPuBhWjThmIxGUZGrU=,0SneDFLdSBVnrLFBwnnjXnukJGQ=
-8,25,bcOWsErsujPuBhWjThmIxGUZGrU=,0SneDFLdSBVnrLFBwnnjXnukJGQ=
-2,24,bcOWsErsujPuBhWjThmIxGUZGrU=,0SneDFLdSBVnrLFBwnnjXnukJGQ=
-7,24,bcOWsErsujPuBhWjThmIxGUZGrU=,0SneDFLdSBVnrLFBwnnjXnukJGQ=
-5,24,bcOWsErsujPuBhWjThmIxGUZGrU=,0SneDFLdSBVnrLFBwnnjXnukJGQ=
-6,16,bcOWsErsujPuBhWjThmIxGUZGrU=,0SneDFLdSBVnrLFBwnnjXnukJGQ=
-13,19,bcOWsErsujPuBhWjThmIxGUZGrU=,0SneDFLdSBVnrLFBwnnjXnukJGQ=
-1,26,bcOWsErsujPuBhWjThmIxGUZGrU=,0SneDFLdSBVnrLFBwnnjXnukJGQ=
-3,20,bcOWsErsujPuBhWjThmIxGUZGrU=,0SneDFLdSBVnrLFBwnnjXnukJGQ=
-6,24,bcOWsErsujPuBhWjThmIxGUZGrU=,0SneDFLdSBVnrLFBwnnjXnukJGQ=
-11,24,bcOWsErsujPuBhWjThmIxGUZGrU=,0SneDFLdSBVnrLFBwnnjXnukJGQ=
-12,24,bcOWsErsujPuBhWjThmIxGUZGrU=,0SneDFLdSBVnrLFBwnnjXnukJGQ=
-13,24,bcOWsErsujPuBhWjThmIxGUZGrU=,0SneDFLdSBVnrLFBwnnjXnukJGQ=
-14,24,bcOWsErsujPuBhWjThmIxGUZGrU=,0SneDFLdSBVnrLFBwnnjXnukJGQ=
-15,24,bcOWsErsujPuBhWjThmIxGUZGrU=,0SneDFLdSBVnrLFBwnnjXnukJGQ=
-16,24,bcOWsErsujPuBhWjThmIxGUZGrU=,0SneDFLdSBVnrLFBwnnjXnukJGQ=
-9,17,bcOWsErsujPuBhWjThmIxGUZGrU=,0SneDFLdSBVnrLFBwnnjXnukJGQ=
-1,23,bcOWsErsujPuBhWjThmIxGUZGrU=,0SneDFLdSBVnrLFBwnnjXnukJGQ=
-8,24,bcOWsErsujPuBhWjThmIxGUZGrU=,0SneDFLdSBVnrLFBwnnjXnukJGQ=
-2,23,bcOWsErsujPuBhWjThmIxGUZGrU=,0SneDFLdSBVnrLFBwnnjXnukJGQ=
-2,20,bcOWsErsujPuBhWjThmIxGUZGrU=,0SneDFLdSBVnrLFBwnnjXnukJGQ=
-16,16,bcOWsErsujPuBhWjThmIxGUZGrU=,0SneDFLdSBVnrLFBwnnjXnukJGQ=
-1,20,bcOWsErsujPuBhWjThmIxGUZGrU=,0SneDFLdSBVnrLFBwnnjXnukJGQ=
-13,17,bcOWsErsujPuBhWjThmIxGUZGrU=,0SneDFLdSBVnrLFBwnnjXnukJGQ=
-15,21,bcOWsErsujPuBhWjThmIxGUZGrU=,0SneDFLdSBVnrLFBwnnjXnukJGQ=
-16,21,bcOWsErsujPuBhWjThmIxGUZGrU=,0SneDFLdSBVnrLFBwnnjXnukJGQ=
-14,21,bcOWsErsujPuBhWjThmIxGUZGrU=,0SneDFLdSBVnrLFBwnnjXnukJGQ=
-13,21,bcOWsErsujPuBhWjThmIxGUZGrU=,0SneDFLdSBVnrLFBwnnjXnukJGQ=
-12,21,bcOWsErsujPuBhWjThmIxGUZGrU=,0SneDFLdSBVnrLFBwnnjXnukJGQ=
-11,21,bcOWsErsujPuBhWjThmIxGUZGrU=,0SneDFLdSBVnrLFBwnnjXnukJGQ=
-10,21,bcOWsErsujPuBhWjThmIxGUZGrU=,0SneDFLdSBVnrLFBwnnjXnukJGQ=
-9,21,bcOWsErsujPuBhWjThmIxGUZGrU=,0SneDFLdSBVnrLFBwnnjXnukJGQ=
-3,23,bcOWsErsujPuBhWjThmIxGUZGrU=,0SneDFLdSBVnrLFBwnnjXnukJGQ=
-4,23,bcOWsErsujPuBhWjThmIxGUZGrU=,0SneDFLdSBVnrLFBwnnjXnukJGQ=
-8,21,bcOWsErsujPuBhWjThmIxGUZGrU=,0SneDFLdSBVnrLFBwnnjXnukJGQ=
-7,21,bcOWsErsujPuBhWjThmIxGUZGrU=,0SneDFLdSBVnrLFBwnnjXnukJGQ=
-11,31,bcOWsErsujPuBhWjThmIxGUZGrU=,0SneDFLdSBVnrLFBwnnjXnukJGQ=
-5,23,bcOWsErsujPuBhWjThmIxGUZGrU=,0SneDFLdSBVnrLFBwnnjXnukJGQ=
-7,16,bcOWsErsujPuBhWjThmIxGUZGrU=,0SneDFLdSBVnrLFBwnnjXnukJGQ=
-14,19,bcOWsErsujPuBhWjThmIxGUZGrU=,0SneDFLdSBVnrLFBwnnjXnukJGQ=
-6,23,bcOWsErsujPuBhWjThmIxGUZGrU=,0SneDFLdSBVnrLFBwnnjXnukJGQ=
-6,21,bcOWsErsujPuBhWjThmIxGUZGrU=,0SneDFLdSBVnrLFBwnnjXnukJGQ=
-8,23,bcOWsErsujPuBhWjThmIxGUZGrU=,0SneDFLdSBVnrLFBwnnjXnukJGQ=
-12,17,bcOWsErsujPuBhWjThmIxGUZGrU=,0SneDFLdSBVnrLFBwnnjXnukJGQ=
-16,19,bcOWsErsujPuBhWjThmIxGUZGrU=,0SneDFLdSBVnrLFBwnnjXnukJGQ=
-9,16,bcOWsErsujPuBhWjThmIxGUZGrU=,0SneDFLdSBVnrLFBwnnjXnukJGQ=
-9,23,bcOWsErsujPuBhWjThmIxGUZGrU=,0SneDFLdSBVnrLFBwnnjXnukJGQ=
-11,23,bcOWsErsujPuBhWjThmIxGUZGrU=,0SneDFLdSBVnrLFBwnnjXnukJGQ=
-12,23,bcOWsErsujPuBhWjThmIxGUZGrU=,0SneDFLdSBVnrLFBwnnjXnukJGQ=
-13,23,bcOWsErsujPuBhWjThmIxGUZGrU=,0SneDFLdSBVnrLFBwnnjXnukJGQ=
-15,23,bcOWsErsujPuBhWjThmIxGUZGrU=,0SneDFLdSBVnrLFBwnnjXnukJGQ=
-14,23,bcOWsErsujPuBhWjThmIxGUZGrU=,0SneDFLdSBVnrLFBwnnjXnukJGQ=
-10,17,bcOWsErsujPuBhWjThmIxGUZGrU=,0SneDFLdSBVnrLFBwnnjXnukJGQ=
-16,23,bcOWsErsujPuBhWjThmIxGUZGrU=,0SneDFLdSBVnrLFBwnnjXnukJGQ=
-10,24,bcOWsErsujPuBhWjThmIxGUZGrU=,0SneDFLdSBVnrLFBwnnjXnukJGQ=
-10,23,bcOWsErsujPuBhWjThmIxGUZGrU=,0SneDFLdSBVnrLFBwnnjXnukJGQ=
-9,24,bcOWsErsujPuBhWjThmIxGUZGrU=,0SneDFLdSBVnrLFBwnnjXnukJGQ=
-3,24,bcOWsErsujPuBhWjThmIxGUZGrU=,0SneDFLdSBVnrLFBwnnjXnukJGQ=
-1,22,bcOWsErsujPuBhWjThmIxGUZGrU=,0SneDFLdSBVnrLFBwnnjXnukJGQ=
-7,23,bcOWsErsujPuBhWjThmIxGUZGrU=,0SneDFLdSBVnrLFBwnnjXnukJGQ=
-15,19,bcOWsErsujPuBhWjThmIxGUZGrU=,0SneDFLdSBVnrLFBwnnjXnukJGQ=
-8,16,bcOWsErsujPuBhWjThmIxGUZGrU=,0SneDFLdSBVnrLFBwnnjXnukJGQ=
-6,22,bcOWsErsujPuBhWjThmIxGUZGrU=,0SneDFLdSBVnrLFBwnnjXnukJGQ=
-5,21,bcOWsErsujPuBhWjThmIxGUZGrU=,0SneDFLdSBVnrLFBwnnjXnukJGQ=
-7,22,bcOWsErsujPuBhWjThmIxGUZGrU=,0SneDFLdSBVnrLFBwnnjXnukJGQ=
-9,22,bcOWsErsujPuBhWjThmIxGUZGrU=,0SneDFLdSBVnrLFBwnnjXnukJGQ=
-2,22,bcOWsErsujPuBhWjThmIxGUZGrU=,0SneDFLdSBVnrLFBwnnjXnukJGQ=
-4,24,bcOWsErsujPuBhWjThmIxGUZGrU=,0SneDFLdSBVnrLFBwnnjXnukJGQ=
-3,21,bcOWsErsujPuBhWjThmIxGUZGrU=,0SneDFLdSBVnrLFBwnnjXnukJGQ=
-8,22,bcOWsErsujPuBhWjThmIxGUZGrU=,0SneDFLdSBVnrLFBwnnjXnukJGQ=
-16,22,bcOWsErsujPuBhWjThmIxGUZGrU=,0SneDFLdSBVnrLFBwnnjXnukJGQ=
-15,22,bcOWsErsujPuBhWjThmIxGUZGrU=,0SneDFLdSBVnrLFBwnnjXnukJGQ=
-14,22,bcOWsErsujPuBhWjThmIxGUZGrU=,0SneDFLdSBVnrLFBwnnjXnukJGQ=
-13,22,bcOWsErsujPuBhWjThmIxGUZGrU=,0SneDFLdSBVnrLFBwnnjXnukJGQ=
-11,17,bcOWsErsujPuBhWjThmIxGUZGrU=,0SneDFLdSBVnrLFBwnnjXnukJGQ=
-11,22,bcOWsErsujPuBhWjThmIxGUZGrU=,0SneDFLdSBVnrLFBwnnjXnukJGQ=
-12,22,bcOWsErsujPuBhWjThmIxGUZGrU=,0SneDFLdSBVnrLFBwnnjXnukJGQ=
-10,22,bcOWsErsujPuBhWjThmIxGUZGrU=,0SneDFLdSBVnrLFBwnnjXnukJGQ=
-1,21,bcOWsErsujPuBhWjThmIxGUZGrU=,0SneDFLdSBVnrLFBwnnjXnukJGQ=
-2,21,bcOWsErsujPuBhWjThmIxGUZGrU=,0SneDFLdSBVnrLFBwnnjXnukJGQ=
-4,22,bcOWsErsujPuBhWjThmIxGUZGrU=,0SneDFLdSBVnrLFBwnnjXnukJGQ=
-3,22,bcOWsErsujPuBhWjThmIxGUZGrU=,0SneDFLdSBVnrLFBwnnjXnukJGQ=
-9,25,bcOWsErsujPuBhWjThmIxGUZGrU=,0SneDFLdSBVnrLFBwnnjXnukJGQ=
-5,22,bcOWsErsujPuBhWjThmIxGUZGrU=,0SneDFLdSBVnrLFBwnnjXnukJGQ=
-4,21,bcOWsErsujPuBhWjThmIxGUZGrU=,0SneDFLdSBVnrLFBwnnjXnukJGQ=
-5,15,X87f/zY1MmK5ThPd/B0HyQFwteI=,KUN0Z/CbLfC62gatNocrY/b0Mcg=
-1,15,X87f/zY1MmK5ThPd/B0HyQFwteI=,KUN0Z/CbLfC62gatNocrY/b0Mcg=
-6,15,X87f/zY1MmK5ThPd/B0HyQFwteI=,KUN0Z/CbLfC62gatNocrY/b0Mcg=
-7,15,X87f/zY1MmK5ThPd/B0HyQFwteI=,KUN0Z/CbLfC62gatNocrY/b0Mcg=
-8,15,X87f/zY1MmK5ThPd/B0HyQFwteI=,KUN0Z/CbLfC62gatNocrY/b0Mcg=
-9,15,X87f/zY1MmK5ThPd/B0HyQFwteI=,KUN0Z/CbLfC62gatNocrY/b0Mcg=
-2,15,X87f/zY1MmK5ThPd/B0HyQFwteI=,KUN0Z/CbLfC62gatNocrY/b0Mcg=
-11,15,X87f/zY1MmK5ThPd/B0HyQFwteI=,KUN0Z/CbLfC62gatNocrY/b0Mcg=
-12,15,X87f/zY1MmK5ThPd/B0HyQFwteI=,KUN0Z/CbLfC62gatNocrY/b0Mcg=
-10,15,X87f/zY1MmK5ThPd/B0HyQFwteI=,KUN0Z/CbLfC62gatNocrY/b0Mcg=
-3,15,X87f/zY1MmK5ThPd/B0HyQFwteI=,KUN0Z/CbLfC62gatNocrY/b0Mcg=
-14,15,X87f/zY1MmK5ThPd/B0HyQFwteI=,KUN0Z/CbLfC62gatNocrY/b0Mcg=
-15,1,X87f/zY1MmK5ThPd/B0HyQFwteI=,KUN0Z/CbLfC62gatNocrY/b0Mcg=
-15,15,X87f/zY1MmK5ThPd/B0HyQFwteI=,KUN0Z/CbLfC62gatNocrY/b0Mcg=
-3,1,X87f/zY1MmK5ThPd/B0HyQFwteI=,KUN0Z/CbLfC62gatNocrY/b0Mcg=
-2,2,X87f/zY1MmK5ThPd/B0HyQFwteI=,KUN0Z/CbLfC62gatNocrY/b0Mcg=
-3,2,X87f/zY1MmK5ThPd/B0HyQFwteI=,KUN0Z/CbLfC62gatNocrY/b0Mcg=
-13,15,X87f/zY1MmK5ThPd/B0HyQFwteI=,KUN0Z/CbLfC62gatNocrY/b0Mcg=
-2,1,X87f/zY1MmK5ThPd/B0HyQFwteI=,KUN0Z/CbLfC62gatNocrY/b0Mcg=
-16,15,X87f/zY1MmK5ThPd/B0HyQFwteI=,KUN0Z/CbLfC62gatNocrY/b0Mcg=
-7,1,X87f/zY1MmK5ThPd/B0HyQFwteI=,KUN0Z/CbLfC62gatNocrY/b0Mcg=
-8,1,X87f/zY1MmK5ThPd/B0HyQFwteI=,KUN0Z/CbLfC62gatNocrY/b0Mcg=
-4,1,X87f/zY1MmK5ThPd/B0HyQFwteI=,KUN0Z/CbLfC62gatNocrY/b0Mcg=
-5,1,X87f/zY1MmK5ThPd/B0HyQFwteI=,KUN0Z/CbLfC62gatNocrY/b0Mcg=
-9,1,X87f/zY1MmK5ThPd/B0HyQFwteI=,KUN0Z/CbLfC62gatNocrY/b0Mcg=
-10,1,X87f/zY1MmK5ThPd/B0HyQFwteI=,KUN0Z/CbLfC62gatNocrY/b0Mcg=
-11,1,X87f/zY1MmK5ThPd/B0HyQFwteI=,KUN0Z/CbLfC62gatNocrY/b0Mcg=
-14,1,X87f/zY1MmK5ThPd/B0HyQFwteI=,KUN0Z/CbLfC62gatNocrY/b0Mcg=
-1,14,X87f/zY1MmK5ThPd/B0HyQFwteI=,KUN0Z/CbLfC62gatNocrY/b0Mcg=
-13,1,X87f/zY1MmK5ThPd/B0HyQFwteI=,KUN0Z/CbLfC62gatNocrY/b0Mcg=
-16,3,X87f/zY1MmK5ThPd/B0HyQFwteI=,KUN0Z/CbLfC62gatNocrY/b0Mcg=
-1,2,X87f/zY1MmK5ThPd/B0HyQFwteI=,KUN0Z/CbLfC62gatNocrY/b0Mcg=
-4,15,X87f/zY1MmK5ThPd/B0HyQFwteI=,KUN0Z/CbLfC62gatNocrY/b0Mcg=
-2,14,X87f/zY1MmK5ThPd/B0HyQFwteI=,KUN0Z/CbLfC62gatNocrY/b0Mcg=
-15,3,X87f/zY1MmK5ThPd/B0HyQFwteI=,KUN0Z/CbLfC62gatNocrY/b0Mcg=
-14,3,X87f/zY1MmK5ThPd/B0HyQFwteI=,KUN0Z/CbLfC62gatNocrY/b0Mcg=
-3,14,X87f/zY1MmK5ThPd/B0HyQFwteI=,KUN0Z/CbLfC62gatNocrY/b0Mcg=
-4,14,X87f/zY1MmK5ThPd/B0HyQFwteI=,KUN0Z/CbLfC62gatNocrY/b0Mcg=
-13,0,X87f/zY1MmK5ThPd/B0HyQFwteI=,KUN0Z/CbLfC62gatNocrY/b0Mcg=
-5,14,X87f/zY1MmK5ThPd/B0HyQFwteI=,KUN0Z/CbLfC62gatNocrY/b0Mcg=
-8,14,X87f/zY1MmK5ThPd/B0HyQFwteI=,KUN0Z/CbLfC62gatNocrY/b0Mcg=
-7,14,X87f/zY1MmK5ThPd/B0HyQFwteI=,KUN0Z/CbLfC62gatNocrY/b0Mcg=
-9,14,X87f/zY1MmK5ThPd/B0HyQFwteI=,KUN0Z/CbLfC62gatNocrY/b0Mcg=
-11,14,X87f/zY1MmK5ThPd/B0HyQFwteI=,KUN0Z/CbLfC62gatNocrY/b0Mcg=
-6,14,X87f/zY1MmK5ThPd/B0HyQFwteI=,KUN0Z/CbLfC62gatNocrY/b0Mcg=
-12,14,X87f/zY1MmK5ThPd/B0HyQFwteI=,KUN0Z/CbLfC62gatNocrY/b0Mcg=
-14,14,X87f/zY1MmK5ThPd/B0HyQFwteI=,KUN0Z/CbLfC62gatNocrY/b0Mcg=
-13,14,X87f/zY1MmK5ThPd/B0HyQFwteI=,KUN0Z/CbLfC62gatNocrY/b0Mcg=
-15,14,X87f/zY1MmK5ThPd/B0HyQFwteI=,KUN0Z/CbLfC62gatNocrY/b0Mcg=
-16,14,X87f/zY1MmK5ThPd/B0HyQFwteI=,KUN0Z/CbLfC62gatNocrY/b0Mcg=
-1,13,X87f/zY1MmK5ThPd/B0HyQFwteI=,KUN0Z/CbLfC62gatNocrY/b0Mcg=
-14,0,X87f/zY1MmK5ThPd/B0HyQFwteI=,KUN0Z/CbLfC62gatNocrY/b0Mcg=
-2,13,X87f/zY1MmK5ThPd/B0HyQFwteI=,KUN0Z/CbLfC62gatNocrY/b0Mcg=
-10,14,X87f/zY1MmK5ThPd/B0HyQFwteI=,KUN0Z/CbLfC62gatNocrY/b0Mcg=
-6,1,X87f/zY1MmK5ThPd/B0HyQFwteI=,KUN0Z/CbLfC62gatNocrY/b0Mcg=
-4,2,X87f/zY1MmK5ThPd/B0HyQFwteI=,KUN0Z/CbLfC62gatNocrY/b0Mcg=
-5,13,X87f/zY1MmK5ThPd/B0HyQFwteI=,KUN0Z/CbLfC62gatNocrY/b0Mcg=
-16,1,X87f/zY1MmK5ThPd/B0HyQFwteI=,KUN0Z/CbLfC62gatNocrY/b0Mcg=
-6,13,X87f/zY1MmK5ThPd/B0HyQFwteI=,KUN0Z/CbLfC62gatNocrY/b0Mcg=
-16,2,X87f/zY1MmK5ThPd/B0HyQFwteI=,KUN0Z/CbLfC62gatNocrY/b0Mcg=
-4,13,X87f/zY1MmK5ThPd/B0HyQFwteI=,KUN0Z/CbLfC62gatNocrY/b0Mcg=
-9,13,X87f/zY1MmK5ThPd/B0HyQFwteI=,KUN0Z/CbLfC62gatNocrY/b0Mcg=
-8,13,X87f/zY1MmK5ThPd/B0HyQFwteI=,KUN0Z/CbLfC62gatNocrY/b0Mcg=
-11,13,X87f/zY1MmK5ThPd/B0HyQFwteI=,KUN0Z/CbLfC62gatNocrY/b0Mcg=
-12,13,X87f/zY1MmK5ThPd/B0HyQFwteI=,KUN0Z/CbLfC62gatNocrY/b0Mcg=
-13,13,X87f/zY1MmK5ThPd/B0HyQFwteI=,KUN0Z/CbLfC62gatNocrY/b0Mcg=
-14,13,X87f/zY1MmK5ThPd/B0HyQFwteI=,KUN0Z/CbLfC62gatNocrY/b0Mcg=
-15,13,X87f/zY1MmK5ThPd/B0HyQFwteI=,KUN0Z/CbLfC62gatNocrY/b0Mcg=
-3,13,X87f/zY1MmK5ThPd/B0HyQFwteI=,KUN0Z/CbLfC62gatNocrY/b0Mcg=
-5,2,X87f/zY1MmK5ThPd/B0HyQFwteI=,KUN0Z/CbLfC62gatNocrY/b0Mcg=
-16,13,X87f/zY1MmK5ThPd/B0HyQFwteI=,KUN0Z/CbLfC62gatNocrY/b0Mcg=
-1,0,X87f/zY1MmK5ThPd/B0HyQFwteI=,KUN0Z/CbLfC62gatNocrY/b0Mcg=
-2,12,X87f/zY1MmK5ThPd/B0HyQFwteI=,KUN0Z/CbLfC62gatNocrY/b0Mcg=
-10,13,X87f/zY1MmK5ThPd/B0HyQFwteI=,KUN0Z/CbLfC62gatNocrY/b0Mcg=
-7,13,X87f/zY1MmK5ThPd/B0HyQFwteI=,KUN0Z/CbLfC62gatNocrY/b0Mcg=
-1,12,X87f/zY1MmK5ThPd/B0HyQFwteI=,KUN0Z/CbLfC62gatNocrY/b0Mcg=
-5,12,X87f/zY1MmK5ThPd/B0HyQFwteI=,KUN0Z/CbLfC62gatNocrY/b0Mcg=
-6,12,X87f/zY1MmK5ThPd/B0HyQFwteI=,KUN0Z/CbLfC62gatNocrY/b0Mcg=
-4,12,X87f/zY1MmK5ThPd/B0HyQFwteI=,KUN0Z/CbLfC62gatNocrY/b0Mcg=
-3,12,X87f/zY1MmK5ThPd/B0HyQFwteI=,KUN0Z/CbLfC62gatNocrY/b0Mcg=
-8,12,X87f/zY1MmK5ThPd/B0HyQFwteI=,KUN0Z/CbLfC62gatNocrY/b0Mcg=
-10,12,X87f/zY1MmK5ThPd/B0HyQFwteI=,KUN0Z/CbLfC62gatNocrY/b0Mcg=
-11,12,X87f/zY1MmK5ThPd/B0HyQFwteI=,KUN0Z/CbLfC62gatNocrY/b0Mcg=
-12,12,X87f/zY1MmK5ThPd/B0HyQFwteI=,KUN0Z/CbLfC62gatNocrY/b0Mcg=
-13,12,X87f/zY1MmK5ThPd/B0HyQFwteI=,KUN0Z/CbLfC62gatNocrY/b0Mcg=
-9,12,X87f/zY1MmK5ThPd/B0HyQFwteI=,KUN0Z/CbLfC62gatNocrY/b0Mcg=
-6,2,X87f/zY1MmK5ThPd/B0HyQFwteI=,KUN0Z/CbLfC62gatNocrY/b0Mcg=
-13,3,X87f/zY1MmK5ThPd/B0HyQFwteI=,KUN0Z/CbLfC62gatNocrY/b0Mcg=
-15,12,X87f/zY1MmK5ThPd/B0HyQFwteI=,KUN0Z/CbLfC62gatNocrY/b0Mcg=
-14,12,X87f/zY1MmK5ThPd/B0HyQFwteI=,KUN0Z/CbLfC62gatNocrY/b0Mcg=
-1,11,X87f/zY1MmK5ThPd/B0HyQFwteI=,KUN0Z/CbLfC62gatNocrY/b0Mcg=
-3,11,X87f/zY1MmK5ThPd/B0HyQFwteI=,KUN0Z/CbLfC62gatNocrY/b0Mcg=
-7,12,X87f/zY1MmK5ThPd/B0HyQFwteI=,KUN0Z/CbLfC62gatNocrY/b0Mcg=
-5,11,X87f/zY1MmK5ThPd/B0HyQFwteI=,KUN0Z/CbLfC62gatNocrY/b0Mcg=
-1,1,X87f/zY1MmK5ThPd/B0HyQFwteI=,KUN0Z/CbLfC62gatNocrY/b0Mcg=
-4,11,X87f/zY1MmK5ThPd/B0HyQFwteI=,KUN0Z/CbLfC62gatNocrY/b0Mcg=
-7,2,X87f/zY1MmK5ThPd/B0HyQFwteI=,KUN0Z/CbLfC62gatNocrY/b0Mcg=
-6,11,X87f/zY1MmK5ThPd/B0HyQFwteI=,KUN0Z/CbLfC62gatNocrY/b0Mcg=
-2,0,X87f/zY1MmK5ThPd/B0HyQFwteI=,KUN0Z/CbLfC62gatNocrY/b0Mcg=
-7,11,X87f/zY1MmK5ThPd/B0HyQFwteI=,KUN0Z/CbLfC62gatNocrY/b0Mcg=
-10,11,X87f/zY1MmK5ThPd/B0HyQFwteI=,KUN0Z/CbLfC62gatNocrY/b0Mcg=
-11,11,X87f/zY1MmK5ThPd/B0HyQFwteI=,KUN0Z/CbLfC62gatNocrY/b0Mcg=
-12,11,X87f/zY1MmK5ThPd/B0HyQFwteI=,KUN0Z/CbLfC62gatNocrY/b0Mcg=
-16,12,X87f/zY1MmK5ThPd/B0HyQFwteI=,KUN0Z/CbLfC62gatNocrY/b0Mcg=
-8,11,X87f/zY1MmK5ThPd/B0HyQFwteI=,KUN0Z/CbLfC62gatNocrY/b0Mcg=
-13,11,X87f/zY1MmK5ThPd/B0HyQFwteI=,KUN0Z/CbLfC62gatNocrY/b0Mcg=
-9,11,X87f/zY1MmK5ThPd/B0HyQFwteI=,KUN0Z/CbLfC62gatNocrY/b0Mcg=
-1,10,X87f/zY1MmK5ThPd/B0HyQFwteI=,KUN0Z/CbLfC62gatNocrY/b0Mcg=
-2,10,X87f/zY1MmK5ThPd/B0HyQFwteI=,KUN0Z/CbLfC62gatNocrY/b0Mcg=
-15,11,X87f/zY1MmK5ThPd/B0HyQFwteI=,KUN0Z/CbLfC62gatNocrY/b0Mcg=
-3,10,X87f/zY1MmK5ThPd/B0HyQFwteI=,KUN0Z/CbLfC62gatNocrY/b0Mcg=
-4,10,X87f/zY1MmK5ThPd/B0HyQFwteI=,KUN0Z/CbLfC62gatNocrY/b0Mcg=
-5,10,X87f/zY1MmK5ThPd/B0HyQFwteI=,KUN0Z/CbLfC62gatNocrY/b0Mcg=
-6,10,X87f/zY1MmK5ThPd/B0HyQFwteI=,KUN0Z/CbLfC62gatNocrY/b0Mcg=
-14,11,X87f/zY1MmK5ThPd/B0HyQFwteI=,KUN0Z/CbLfC62gatNocrY/b0Mcg=
-8,2,X87f/zY1MmK5ThPd/B0HyQFwteI=,KUN0Z/CbLfC62gatNocrY/b0Mcg=
-8,10,X87f/zY1MmK5ThPd/B0HyQFwteI=,KUN0Z/CbLfC62gatNocrY/b0Mcg=
-3,0,X87f/zY1MmK5ThPd/B0HyQFwteI=,KUN0Z/CbLfC62gatNocrY/b0Mcg=
-9,10,X87f/zY1MmK5ThPd/B0HyQFwteI=,KUN0Z/CbLfC62gatNocrY/b0Mcg=
-11,10,X87f/zY1MmK5ThPd/B0HyQFwteI=,KUN0Z/CbLfC62gatNocrY/b0Mcg=
-12,10,X87f/zY1MmK5ThPd/B0HyQFwteI=,KUN0Z/CbLfC62gatNocrY/b0Mcg=
-7,10,X87f/zY1MmK5ThPd/B0HyQFwteI=,KUN0Z/CbLfC62gatNocrY/b0Mcg=
-10,10,X87f/zY1MmK5ThPd/B0HyQFwteI=,KUN0Z/CbLfC62gatNocrY/b0Mcg=
-13,10,X87f/zY1MmK5ThPd/B0HyQFwteI=,KUN0Z/CbLfC62gatNocrY/b0Mcg=
-12,1,X87f/zY1MmK5ThPd/B0HyQFwteI=,KUN0Z/CbLfC62gatNocrY/b0Mcg=
-16,10,X87f/zY1MmK5ThPd/B0HyQFwteI=,KUN0Z/CbLfC62gatNocrY/b0Mcg=
-4,0,X87f/zY1MmK5ThPd/B0HyQFwteI=,KUN0Z/CbLfC62gatNocrY/b0Mcg=
-15,10,X87f/zY1MmK5ThPd/B0HyQFwteI=,KUN0Z/CbLfC62gatNocrY/b0Mcg=
-3,9,X87f/zY1MmK5ThPd/B0HyQFwteI=,KUN0Z/CbLfC62gatNocrY/b0Mcg=
-4,9,X87f/zY1MmK5ThPd/B0HyQFwteI=,KUN0Z/CbLfC62gatNocrY/b0Mcg=
-2,9,X87f/zY1MmK5ThPd/B0HyQFwteI=,KUN0Z/CbLfC62gatNocrY/b0Mcg=
-1,9,X87f/zY1MmK5ThPd/B0HyQFwteI=,KUN0Z/CbLfC62gatNocrY/b0Mcg=
-5,9,X87f/zY1MmK5ThPd/B0HyQFwteI=,KUN0Z/CbLfC62gatNocrY/b0Mcg=
-6,9,X87f/zY1MmK5ThPd/B0HyQFwteI=,KUN0Z/CbLfC62gatNocrY/b0Mcg=
-9,2,X87f/zY1MmK5ThPd/B0HyQFwteI=,KUN0Z/CbLfC62gatNocrY/b0Mcg=
-14,10,X87f/zY1MmK5ThPd/B0HyQFwteI=,KUN0Z/CbLfC62gatNocrY/b0Mcg=
-8,9,X87f/zY1MmK5ThPd/B0HyQFwteI=,KUN0Z/CbLfC62gatNocrY/b0Mcg=
-11,9,X87f/zY1MmK5ThPd/B0HyQFwteI=,KUN0Z/CbLfC62gatNocrY/b0Mcg=
-12,0,X87f/zY1MmK5ThPd/B0HyQFwteI=,KUN0Z/CbLfC62gatNocrY/b0Mcg=
-5,0,X87f/zY1MmK5ThPd/B0HyQFwteI=,KUN0Z/CbLfC62gatNocrY/b0Mcg=
-12,9,X87f/zY1MmK5ThPd/B0HyQFwteI=,KUN0Z/CbLfC62gatNocrY/b0Mcg=
-10,9,X87f/zY1MmK5ThPd/B0HyQFwteI=,KUN0Z/CbLfC62gatNocrY/b0Mcg=
-16,9,X87f/zY1MmK5ThPd/B0HyQFwteI=,KUN0Z/CbLfC62gatNocrY/b0Mcg=
-9,9,X87f/zY1MmK5ThPd/B0HyQFwteI=,KUN0Z/CbLfC62gatNocrY/b0Mcg=
-7,9,X87f/zY1MmK5ThPd/B0HyQFwteI=,KUN0Z/CbLfC62gatNocrY/b0Mcg=
-3,8,X87f/zY1MmK5ThPd/B0HyQFwteI=,KUN0Z/CbLfC62gatNocrY/b0Mcg=
-13,9,X87f/zY1MmK5ThPd/B0HyQFwteI=,KUN0Z/CbLfC62gatNocrY/b0Mcg=
-1,8,X87f/zY1MmK5ThPd/B0HyQFwteI=,KUN0Z/CbLfC62gatNocrY/b0Mcg=
-12,3,X87f/zY1MmK5ThPd/B0HyQFwteI=,KUN0Z/CbLfC62gatNocrY/b0Mcg=
-5,8,X87f/zY1MmK5ThPd/B0HyQFwteI=,KUN0Z/CbLfC62gatNocrY/b0Mcg=
-15,0,X87f/zY1MmK5ThPd/B0HyQFwteI=,KUN0Z/CbLfC62gatNocrY/b0Mcg=
-14,9,X87f/zY1MmK5ThPd/B0HyQFwteI=,KUN0Z/CbLfC62gatNocrY/b0Mcg=
-6,8,X87f/zY1MmK5ThPd/B0HyQFwteI=,KUN0Z/CbLfC62gatNocrY/b0Mcg=
-7,8,X87f/zY1MmK5ThPd/B0HyQFwteI=,KUN0Z/CbLfC62gatNocrY/b0Mcg=
-10,2,X87f/zY1MmK5ThPd/B0HyQFwteI=,KUN0Z/CbLfC62gatNocrY/b0Mcg=
-15,9,X87f/zY1MmK5ThPd/B0HyQFwteI=,KUN0Z/CbLfC62gatNocrY/b0Mcg=
-2,8,X87f/zY1MmK5ThPd/B0HyQFwteI=,KUN0Z/CbLfC62gatNocrY/b0Mcg=
-11,3,X87f/zY1MmK5ThPd/B0HyQFwteI=,KUN0Z/CbLfC62gatNocrY/b0Mcg=
-4,8,X87f/zY1MmK5ThPd/B0HyQFwteI=,KUN0Z/CbLfC62gatNocrY/b0Mcg=
-6,0,X87f/zY1MmK5ThPd/B0HyQFwteI=,KUN0Z/CbLfC62gatNocrY/b0Mcg=
-8,8,X87f/zY1MmK5ThPd/B0HyQFwteI=,KUN0Z/CbLfC62gatNocrY/b0Mcg=
-14,8,X87f/zY1MmK5ThPd/B0HyQFwteI=,KUN0Z/CbLfC62gatNocrY/b0Mcg=
-15,8,X87f/zY1MmK5ThPd/B0HyQFwteI=,KUN0Z/CbLfC62gatNocrY/b0Mcg=
-16,8,X87f/zY1MmK5ThPd/B0HyQFwteI=,KUN0Z/CbLfC62gatNocrY/b0Mcg=
-9,8,X87f/zY1MmK5ThPd/B0HyQFwteI=,KUN0Z/CbLfC62gatNocrY/b0Mcg=
-10,3,X87f/zY1MmK5ThPd/B0HyQFwteI=,KUN0Z/CbLfC62gatNocrY/b0Mcg=
-2,7,X87f/zY1MmK5ThPd/B0HyQFwteI=,KUN0Z/CbLfC62gatNocrY/b0Mcg=
-3,7,X87f/zY1MmK5ThPd/B0HyQFwteI=,KUN0Z/CbLfC62gatNocrY/b0Mcg=
-10,8,X87f/zY1MmK5ThPd/B0HyQFwteI=,KUN0Z/CbLfC62gatNocrY/b0Mcg=
-1,7,X87f/zY1MmK5ThPd/B0HyQFwteI=,KUN0Z/CbLfC62gatNocrY/b0Mcg=
-4,7,X87f/zY1MmK5ThPd/B0HyQFwteI=,KUN0Z/CbLfC62gatNocrY/b0Mcg=
-5,7,X87f/zY1MmK5ThPd/B0HyQFwteI=,KUN0Z/CbLfC62gatNocrY/b0Mcg=
-9,3,X87f/zY1MmK5ThPd/B0HyQFwteI=,KUN0Z/CbLfC62gatNocrY/b0Mcg=
-13,8,X87f/zY1MmK5ThPd/B0HyQFwteI=,KUN0Z/CbLfC62gatNocrY/b0Mcg=
-11,8,X87f/zY1MmK5ThPd/B0HyQFwteI=,KUN0Z/CbLfC62gatNocrY/b0Mcg=
-8,7,X87f/zY1MmK5ThPd/B0HyQFwteI=,KUN0Z/CbLfC62gatNocrY/b0Mcg=
-7,7,X87f/zY1MmK5ThPd/B0HyQFwteI=,KUN0Z/CbLfC62gatNocrY/b0Mcg=
-10,7,X87f/zY1MmK5ThPd/B0HyQFwteI=,KUN0Z/CbLfC62gatNocrY/b0Mcg=
-6,7,X87f/zY1MmK5ThPd/B0HyQFwteI=,KUN0Z/CbLfC62gatNocrY/b0Mcg=
-11,2,X87f/zY1MmK5ThPd/B0HyQFwteI=,KUN0Z/CbLfC62gatNocrY/b0Mcg=
-9,7,X87f/zY1MmK5ThPd/B0HyQFwteI=,KUN0Z/CbLfC62gatNocrY/b0Mcg=
-14,7,X87f/zY1MmK5ThPd/B0HyQFwteI=,KUN0Z/CbLfC62gatNocrY/b0Mcg=
-15,7,X87f/zY1MmK5ThPd/B0HyQFwteI=,KUN0Z/CbLfC62gatNocrY/b0Mcg=
-16,7,X87f/zY1MmK5ThPd/B0HyQFwteI=,KUN0Z/CbLfC62gatNocrY/b0Mcg=
-11,7,X87f/zY1MmK5ThPd/B0HyQFwteI=,KUN0Z/CbLfC62gatNocrY/b0Mcg=
-1,6,X87f/zY1MmK5ThPd/B0HyQFwteI=,KUN0Z/CbLfC62gatNocrY/b0Mcg=
-8,3,X87f/zY1MmK5ThPd/B0HyQFwteI=,KUN0Z/CbLfC62gatNocrY/b0Mcg=
-2,6,X87f/zY1MmK5ThPd/B0HyQFwteI=,KUN0Z/CbLfC62gatNocrY/b0Mcg=
-13,7,X87f/zY1MmK5ThPd/B0HyQFwteI=,KUN0Z/CbLfC62gatNocrY/b0Mcg=
-4,6,X87f/zY1MmK5ThPd/B0HyQFwteI=,KUN0Z/CbLfC62gatNocrY/b0Mcg=
-5,6,X87f/zY1MmK5ThPd/B0HyQFwteI=,KUN0Z/CbLfC62gatNocrY/b0Mcg=
-7,6,X87f/zY1MmK5ThPd/B0HyQFwteI=,KUN0Z/CbLfC62gatNocrY/b0Mcg=
-8,6,X87f/zY1MmK5ThPd/B0HyQFwteI=,KUN0Z/CbLfC62gatNocrY/b0Mcg=
-9,6,X87f/zY1MmK5ThPd/B0HyQFwteI=,KUN0Z/CbLfC62gatNocrY/b0Mcg=
-3,6,X87f/zY1MmK5ThPd/B0HyQFwteI=,KUN0Z/CbLfC62gatNocrY/b0Mcg=
-6,6,X87f/zY1MmK5ThPd/B0HyQFwteI=,KUN0Z/CbLfC62gatNocrY/b0Mcg=
-8,0,X87f/zY1MmK5ThPd/B0HyQFwteI=,KUN0Z/CbLfC62gatNocrY/b0Mcg=
-10,6,X87f/zY1MmK5ThPd/B0HyQFwteI=,KUN0Z/CbLfC62gatNocrY/b0Mcg=
-12,2,X87f/zY1MmK5ThPd/B0HyQFwteI=,KUN0Z/CbLfC62gatNocrY/b0Mcg=
-7,3,X87f/zY1MmK5ThPd/B0HyQFwteI=,KUN0Z/CbLfC62gatNocrY/b0Mcg=
-7,0,X87f/zY1MmK5ThPd/B0HyQFwteI=,KUN0Z/CbLfC62gatNocrY/b0Mcg=
-14,6,X87f/zY1MmK5ThPd/B0HyQFwteI=,KUN0Z/CbLfC62gatNocrY/b0Mcg=
-13,6,X87f/zY1MmK5ThPd/B0HyQFwteI=,KUN0Z/CbLfC62gatNocrY/b0Mcg=
-16,6,X87f/zY1MmK5ThPd/B0HyQFwteI=,KUN0Z/CbLfC62gatNocrY/b0Mcg=
-1,5,X87f/zY1MmK5ThPd/B0HyQFwteI=,KUN0Z/CbLfC62gatNocrY/b0Mcg=
-15,6,X87f/zY1MmK5ThPd/B0HyQFwteI=,KUN0Z/CbLfC62gatNocrY/b0Mcg=
-12,6,X87f/zY1MmK5ThPd/B0HyQFwteI=,KUN0Z/CbLfC62gatNocrY/b0Mcg=
-6,3,X87f/zY1MmK5ThPd/B0HyQFwteI=,KUN0Z/CbLfC62gatNocrY/b0Mcg=
-11,6,X87f/zY1MmK5ThPd/B0HyQFwteI=,KUN0Z/CbLfC62gatNocrY/b0Mcg=
-4,5,X87f/zY1MmK5ThPd/B0HyQFwteI=,KUN0Z/CbLfC62gatNocrY/b0Mcg=
-6,5,X87f/zY1MmK5ThPd/B0HyQFwteI=,KUN0Z/CbLfC62gatNocrY/b0Mcg=
-5,5,X87f/zY1MmK5ThPd/B0HyQFwteI=,KUN0Z/CbLfC62gatNocrY/b0Mcg=
-2,5,X87f/zY1MmK5ThPd/B0HyQFwteI=,KUN0Z/CbLfC62gatNocrY/b0Mcg=
-7,5,X87f/zY1MmK5ThPd/B0HyQFwteI=,KUN0Z/CbLfC62gatNocrY/b0Mcg=
-8,5,X87f/zY1MmK5ThPd/B0HyQFwteI=,KUN0Z/CbLfC62gatNocrY/b0Mcg=
-10,5,X87f/zY1MmK5ThPd/B0HyQFwteI=,KUN0Z/CbLfC62gatNocrY/b0Mcg=
-9,5,X87f/zY1MmK5ThPd/B0HyQFwteI=,KUN0Z/CbLfC62gatNocrY/b0Mcg=
-13,2,X87f/zY1MmK5ThPd/B0HyQFwteI=,KUN0Z/CbLfC62gatNocrY/b0Mcg=
-9,0,X87f/zY1MmK5ThPd/B0HyQFwteI=,KUN0Z/CbLfC62gatNocrY/b0Mcg=
-11,5,X87f/zY1MmK5ThPd/B0HyQFwteI=,KUN0Z/CbLfC62gatNocrY/b0Mcg=
-13,5,X87f/zY1MmK5ThPd/B0HyQFwteI=,KUN0Z/CbLfC62gatNocrY/b0Mcg=
-15,5,X87f/zY1MmK5ThPd/B0HyQFwteI=,KUN0Z/CbLfC62gatNocrY/b0Mcg=
-12,5,X87f/zY1MmK5ThPd/B0HyQFwteI=,KUN0Z/CbLfC62gatNocrY/b0Mcg=
-1,4,X87f/zY1MmK5ThPd/B0HyQFwteI=,KUN0Z/CbLfC62gatNocrY/b0Mcg=
-16,5,X87f/zY1MmK5ThPd/B0HyQFwteI=,KUN0Z/CbLfC62gatNocrY/b0Mcg=
-10,0,X87f/zY1MmK5ThPd/B0HyQFwteI=,KUN0Z/CbLfC62gatNocrY/b0Mcg=
-5,4,X87f/zY1MmK5ThPd/B0HyQFwteI=,KUN0Z/CbLfC62gatNocrY/b0Mcg=
-9,4,X87f/zY1MmK5ThPd/B0HyQFwteI=,KUN0Z/CbLfC62gatNocrY/b0Mcg=
-10,4,X87f/zY1MmK5ThPd/B0HyQFwteI=,KUN0Z/CbLfC62gatNocrY/b0Mcg=
-11,4,X87f/zY1MmK5ThPd/B0HyQFwteI=,KUN0Z/CbLfC62gatNocrY/b0Mcg=
-6,4,X87f/zY1MmK5ThPd/B0HyQFwteI=,KUN0Z/CbLfC62gatNocrY/b0Mcg=
-12,4,X87f/zY1MmK5ThPd/B0HyQFwteI=,KUN0Z/CbLfC62gatNocrY/b0Mcg=
-2,4,X87f/zY1MmK5ThPd/B0HyQFwteI=,KUN0Z/CbLfC62gatNocrY/b0Mcg=
-14,2,X87f/zY1MmK5ThPd/B0HyQFwteI=,KUN0Z/CbLfC62gatNocrY/b0Mcg=
-8,4,X87f/zY1MmK5ThPd/B0HyQFwteI=,KUN0Z/CbLfC62gatNocrY/b0Mcg=
-13,4,X87f/zY1MmK5ThPd/B0HyQFwteI=,KUN0Z/CbLfC62gatNocrY/b0Mcg=
-15,4,X87f/zY1MmK5ThPd/B0HyQFwteI=,KUN0Z/CbLfC62gatNocrY/b0Mcg=
-16,4,X87f/zY1MmK5ThPd/B0HyQFwteI=,KUN0Z/CbLfC62gatNocrY/b0Mcg=
-7,4,X87f/zY1MmK5ThPd/B0HyQFwteI=,KUN0Z/CbLfC62gatNocrY/b0Mcg=
-3,4,X87f/zY1MmK5ThPd/B0HyQFwteI=,KUN0Z/CbLfC62gatNocrY/b0Mcg=
-16,0,X87f/zY1MmK5ThPd/B0HyQFwteI=,KUN0Z/CbLfC62gatNocrY/b0Mcg=
-11,0,X87f/zY1MmK5ThPd/B0HyQFwteI=,KUN0Z/CbLfC62gatNocrY/b0Mcg=
-14,4,X87f/zY1MmK5ThPd/B0HyQFwteI=,KUN0Z/CbLfC62gatNocrY/b0Mcg=
-15,2,X87f/zY1MmK5ThPd/B0HyQFwteI=,KUN0Z/CbLfC62gatNocrY/b0Mcg=
-3,3,X87f/zY1MmK5ThPd/B0HyQFwteI=,KUN0Z/CbLfC62gatNocrY/b0Mcg=
-4,3,X87f/zY1MmK5ThPd/B0HyQFwteI=,KUN0Z/CbLfC62gatNocrY/b0Mcg=
-14,5,X87f/zY1MmK5ThPd/B0HyQFwteI=,KUN0Z/CbLfC62gatNocrY/b0Mcg=
-12,7,X87f/zY1MmK5ThPd/B0HyQFwteI=,KUN0Z/CbLfC62gatNocrY/b0Mcg=
-1,3,X87f/zY1MmK5ThPd/B0HyQFwteI=,KUN0Z/CbLfC62gatNocrY/b0Mcg=
-5,3,X87f/zY1MmK5ThPd/B0HyQFwteI=,KUN0Z/CbLfC62gatNocrY/b0Mcg=
-4,4,X87f/zY1MmK5ThPd/B0HyQFwteI=,KUN0Z/CbLfC62gatNocrY/b0Mcg=
-12,8,X87f/zY1MmK5ThPd/B0HyQFwteI=,KUN0Z/CbLfC62gatNocrY/b0Mcg=
-2,3,X87f/zY1MmK5ThPd/B0HyQFwteI=,KUN0Z/CbLfC62gatNocrY/b0Mcg=
-2,11,X87f/zY1MmK5ThPd/B0HyQFwteI=,KUN0Z/CbLfC62gatNocrY/b0Mcg=
-16,11,X87f/zY1MmK5ThPd/B0HyQFwteI=,KUN0Z/CbLfC62gatNocrY/b0Mcg=
-3,5,X87f/zY1MmK5ThPd/B0HyQFwteI=,KUN0Z/CbLfC62gatNocrY/b0Mcg=
