-68,-13,kfBXQ54BSuZnUReVmwxZ8DiLpOQ=,AapCUL/dm7clxaX1+mgXuEe+hHc=
-77,-16,kfBXQ54BSuZnUReVmwxZ8DiLpOQ=,AapCUL/dm7clxaX1+mgXuEe+hHc=
-67,-14,kfBXQ54BSuZnUReVmwxZ8DiLpOQ=,AapCUL/dm7clxaX1+mgXuEe+hHc=
-65,-15,kfBXQ54BSuZnUReVmwxZ8DiLpOQ=,AapCUL/dm7clxaX1+mgXuEe+hHc=
-71,-14,kfBXQ54BSuZnUReVmwxZ8DiLpOQ=,AapCUL/dm7clxaX1+mgXuEe+hHc=
-72,-14,kfBXQ54BSuZnUReVmwxZ8DiLpOQ=,AapCUL/dm7clxaX1+mgXuEe+hHc=
-73,-14,kfBXQ54BSuZnUReVmwxZ8DiLpOQ=,AapCUL/dm7clxaX1+mgXuEe+hHc=
-75,-14,kfBXQ54BSuZnUReVmwxZ8DiLpOQ=,AapCUL/dm7clxaX1+mgXuEe+hHc=
-76,-14,kfBXQ54BSuZnUReVmwxZ8DiLpOQ=,AapCUL/dm7clxaX1+mgXuEe+hHc=
-77,-14,kfBXQ54BSuZnUReVmwxZ8DiLpOQ=,AapCUL/dm7clxaX1+mgXuEe+hHc=
-78,-14,kfBXQ54BSuZnUReVmwxZ8DiLpOQ=,AapCUL/dm7clxaX1+mgXuEe+hHc=
-79,-14,kfBXQ54BSuZnUReVmwxZ8DiLpOQ=,AapCUL/dm7clxaX1+mgXuEe+hHc=
-74,-14,kfBXQ54BSuZnUReVmwxZ8DiLpOQ=,AapCUL/dm7clxaX1+mgXuEe+hHc=
-80,-14,kfBXQ54BSuZnUReVmwxZ8DiLpOQ=,AapCUL/dm7clxaX1+mgXuEe+hHc=
-68,-14,kfBXQ54BSuZnUReVmwxZ8DiLpOQ=,AapCUL/dm7clxaX1+mgXuEe+hHc=
-70,-14,kfBXQ54BSuZnUReVmwxZ8DiLpOQ=,AapCUL/dm7clxaX1+mgXuEe+hHc=
-69,-1,kfBXQ54BSuZnUReVmwxZ8DiLpOQ=,AapCUL/dm7clxaX1+mgXuEe+hHc=
-66,-1,kfBXQ54BSuZnUReVmwxZ8DiLpOQ=,AapCUL/dm7clxaX1+mgXuEe+hHc=
-78,-16,kfBXQ54BSuZnUReVmwxZ8DiLpOQ=,AapCUL/dm7clxaX1+mgXuEe+hHc=
-70,-1,kfBXQ54BSuZnUReVmwxZ8DiLpOQ=,AapCUL/dm7clxaX1+mgXuEe+hHc=
-71,-1,kfBXQ54BSuZnUReVmwxZ8DiLpOQ=,AapCUL/dm7clxaX1+mgXuEe+hHc=
-72,-1,kfBXQ54BSuZnUReVmwxZ8DiLpOQ=,AapCUL/dm7clxaX1+mgXuEe+hHc=
-67,-1,kfBXQ54BSuZnUReVmwxZ8DiLpOQ=,AapCUL/dm7clxaX1+mgXuEe+hHc=
-73,-1,kfBXQ54BSuZnUReVmwxZ8DiLpOQ=,AapCUL/dm7clxaX1+mgXuEe+hHc=
-65,-1,kfBXQ54BSuZnUReVmwxZ8DiLpOQ=,AapCUL/dm7clxaX1+mgXuEe+hHc=
-76,-1,kfBXQ54BSuZnUReVmwxZ8DiLpOQ=,AapCUL/dm7clxaX1+mgXuEe+hHc=
-75,-1,kfBXQ54BSuZnUReVmwxZ8DiLpOQ=,AapCUL/dm7clxaX1+mgXuEe+hHc=
-79,-1,kfBXQ54BSuZnUReVmwxZ8DiLpOQ=,AapCUL/dm7clxaX1+mgXuEe+hHc=
-66,-15,kfBXQ54BSuZnUReVmwxZ8DiLpOQ=,AapCUL/dm7clxaX1+mgXuEe+hHc=
-80,-1,kfBXQ54BSuZnUReVmwxZ8DiLpOQ=,AapCUL/dm7clxaX1+mgXuEe+hHc=
-77,-1,kfBXQ54BSuZnUReVmwxZ8DiLpOQ=,AapCUL/dm7clxaX1+mgXuEe+hHc=
-70,-13,kfBXQ54BSuZnUReVmwxZ8DiLpOQ=,AapCUL/dm7clxaX1+mgXuEe+hHc=
-78,-1,kfBXQ54BSuZnUReVmwxZ8DiLpOQ=,AapCUL/dm7clxaX1+mgXuEe+hHc=
-69,-2,kfBXQ54BSuZnUReVmwxZ8DiLpOQ=,AapCUL/dm7clxaX1+mgXuEe+hHc=
-69,-14,kfBXQ54BSuZnUReVmwxZ8DiLpOQ=,AapCUL/dm7clxaX1+mgXuEe+hHc=
-66,-2,kfBXQ54BSuZnUReVmwxZ8DiLpOQ=,AapCUL/dm7clxaX1+mgXuEe+hHc=
-68,-1,kfBXQ54BSuZnUReVmwxZ8DiLpOQ=,AapCUL/dm7clxaX1+mgXuEe+hHc=
-70,-2,kfBXQ54BSuZnUReVmwxZ8DiLpOQ=,AapCUL/dm7clxaX1+mgXuEe+hHc=
-74,-2,kfBXQ54BSuZnUReVmwxZ8DiLpOQ=,AapCUL/dm7clxaX1+mgXuEe+hHc=
-65,-2,kfBXQ54BSuZnUReVmwxZ8DiLpOQ=,AapCUL/dm7clxaX1+mgXuEe+hHc=
-68,-2,kfBXQ54BSuZnUReVmwxZ8DiLpOQ=,AapCUL/dm7clxaX1+mgXuEe+hHc=
-71,-2,kfBXQ54BSuZnUReVmwxZ8DiLpOQ=,AapCUL/dm7clxaX1+mgXuEe+hHc=
-69,-13,kfBXQ54BSuZnUReVmwxZ8DiLpOQ=,AapCUL/dm7clxaX1+mgXuEe+hHc=
-79,-15,kfBXQ54BSuZnUReVmwxZ8DiLpOQ=,AapCUL/dm7clxaX1+mgXuEe+hHc=
-71,-13,kfBXQ54BSuZnUReVmwxZ8DiLpOQ=,AapCUL/dm7clxaX1+mgXuEe+hHc=
-72,-2,kfBXQ54BSuZnUReVmwxZ8DiLpOQ=,AapCUL/dm7clxaX1+mgXuEe+hHc=
-80,-15,kfBXQ54BSuZnUReVmwxZ8DiLpOQ=,AapCUL/dm7clxaX1+mgXuEe+hHc=
-79,-2,kfBXQ54BSuZnUReVmwxZ8DiLpOQ=,AapCUL/dm7clxaX1+mgXuEe+hHc=
-80,-2,kfBXQ54BSuZnUReVmwxZ8DiLpOQ=,AapCUL/dm7clxaX1+mgXuEe+hHc=
-79,-16,kfBXQ54BSuZnUReVmwxZ8DiLpOQ=,AapCUL/dm7clxaX1+mgXuEe+hHc=
-76,-2,kfBXQ54BSuZnUReVmwxZ8DiLpOQ=,AapCUL/dm7clxaX1+mgXuEe+hHc=
-75,-2,kfBXQ54BSuZnUReVmwxZ8DiLpOQ=,AapCUL/dm7clxaX1+mgXuEe+hHc=
-68,-3,kfBXQ54BSuZnUReVmwxZ8DiLpOQ=,AapCUL/dm7clxaX1+mgXuEe+hHc=
-66,-3,kfBXQ54BSuZnUReVmwxZ8DiLpOQ=,AapCUL/dm7clxaX1+mgXuEe+hHc=
-69,-3,kfBXQ54BSuZnUReVmwxZ8DiLpOQ=,AapCUL/dm7clxaX1+mgXuEe+hHc=
-70,-3,kfBXQ54BSuZnUReVmwxZ8DiLpOQ=,AapCUL/dm7clxaX1+mgXuEe+hHc=
-67,-3,kfBXQ54BSuZnUReVmwxZ8DiLpOQ=,AapCUL/dm7clxaX1+mgXuEe+hHc=
-72,-3,kfBXQ54BSuZnUReVmwxZ8DiLpOQ=,AapCUL/dm7clxaX1+mgXuEe+hHc=
-71,-3,kfBXQ54BSuZnUReVmwxZ8DiLpOQ=,AapCUL/dm7clxaX1+mgXuEe+hHc=
-77,-2,kfBXQ54BSuZnUReVmwxZ8DiLpOQ=,AapCUL/dm7clxaX1+mgXuEe+hHc=
-78,-2,kfBXQ54BSuZnUReVmwxZ8DiLpOQ=,AapCUL/dm7clxaX1+mgXuEe+hHc=
-73,-3,kfBXQ54BSuZnUReVmwxZ8DiLpOQ=,AapCUL/dm7clxaX1+mgXuEe+hHc=
-65,-16,kfBXQ54BSuZnUReVmwxZ8DiLpOQ=,AapCUL/dm7clxaX1+mgXuEe+hHc=
-67,-15,kfBXQ54BSuZnUReVmwxZ8DiLpOQ=,AapCUL/dm7clxaX1+mgXuEe+hHc=
-72,-13,kfBXQ54BSuZnUReVmwxZ8DiLpOQ=,AapCUL/dm7clxaX1+mgXuEe+hHc=
-79,-3,kfBXQ54BSuZnUReVmwxZ8DiLpOQ=,AapCUL/dm7clxaX1+mgXuEe+hHc=
-68,-15,kfBXQ54BSuZnUReVmwxZ8DiLpOQ=,AapCUL/dm7clxaX1+mgXuEe+hHc=
-80,-3,kfBXQ54BSuZnUReVmwxZ8DiLpOQ=,AapCUL/dm7clxaX1+mgXuEe+hHc=
-74,-3,kfBXQ54BSuZnUReVmwxZ8DiLpOQ=,AapCUL/dm7clxaX1+mgXuEe+hHc=
-65,-4,kfBXQ54BSuZnUReVmwxZ8DiLpOQ=,AapCUL/dm7clxaX1+mgXuEe+hHc=
-66,-4,kfBXQ54BSuZnUReVmwxZ8DiLpOQ=,AapCUL/dm7clxaX1+mgXuEe+hHc=
-67,-4,kfBXQ54BSuZnUReVmwxZ8DiLpOQ=,AapCUL/dm7clxaX1+mgXuEe+hHc=
-68,-4,kfBXQ54BSuZnUReVmwxZ8DiLpOQ=,AapCUL/dm7clxaX1+mgXuEe+hHc=
-75,-3,kfBXQ54BSuZnUReVmwxZ8DiLpOQ=,AapCUL/dm7clxaX1+mgXuEe+hHc=
-71,-4,kfBXQ54BSuZnUReVmwxZ8DiLpOQ=,AapCUL/dm7clxaX1+mgXuEe+hHc=
-78,-3,kfBXQ54BSuZnUReVmwxZ8DiLpOQ=,AapCUL/dm7clxaX1+mgXuEe+hHc=
-77,-3,kfBXQ54BSuZnUReVmwxZ8DiLpOQ=,AapCUL/dm7clxaX1+mgXuEe+hHc=
-69,-4,kfBXQ54BSuZnUReVmwxZ8DiLpOQ=,AapCUL/dm7clxaX1+mgXuEe+hHc=
-73,-4,kfBXQ54BSuZnUReVmwxZ8DiLpOQ=,AapCUL/dm7clxaX1+mgXuEe+hHc=
-72,-4,kfBXQ54BSuZnUReVmwxZ8DiLpOQ=,AapCUL/dm7clxaX1+mgXuEe+hHc=
-66,-16,kfBXQ54BSuZnUReVmwxZ8DiLpOQ=,AapCUL/dm7clxaX1+mgXuEe+hHc=
-73,-13,kfBXQ54BSuZnUReVmwxZ8DiLpOQ=,AapCUL/dm7clxaX1+mgXuEe+hHc=
-70,-4,kfBXQ54BSuZnUReVmwxZ8DiLpOQ=,AapCUL/dm7clxaX1+mgXuEe+hHc=
-75,-4,kfBXQ54BSuZnUReVmwxZ8DiLpOQ=,AapCUL/dm7clxaX1+mgXuEe+hHc=
-77,-4,kfBXQ54BSuZnUReVmwxZ8DiLpOQ=,AapCUL/dm7clxaX1+mgXuEe+hHc=
-76,-4,kfBXQ54BSuZnUReVmwxZ8DiLpOQ=,AapCUL/dm7clxaX1+mgXuEe+hHc=
-73,-2,kfBXQ54BSuZnUReVmwxZ8DiLpOQ=,AapCUL/dm7clxaX1+mgXuEe+hHc=
-65,-5,kfBXQ54BSuZnUReVmwxZ8DiLpOQ=,AapCUL/dm7clxaX1+mgXuEe+hHc=
-79,-4,kfBXQ54BSuZnUReVmwxZ8DiLpOQ=,AapCUL/dm7clxaX1+mgXuEe+hHc=
-66,-5,kfBXQ54BSuZnUReVmwxZ8DiLpOQ=,AapCUL/dm7clxaX1+mgXuEe+hHc=
-67,-5,kfBXQ54BSuZnUReVmwxZ8DiLpOQ=,AapCUL/dm7clxaX1+mgXuEe+hHc=
-80,-4,kfBXQ54BSuZnUReVmwxZ8DiLpOQ=,AapCUL/dm7clxaX1+mgXuEe+hHc=
-65,-3,kfBXQ54BSuZnUReVmwxZ8DiLpOQ=,AapCUL/dm7clxaX1+mgXuEe+hHc=
-69,-15,kfBXQ54BSuZnUReVmwxZ8DiLpOQ=,AapCUL/dm7clxaX1+mgXuEe+hHc=
-68,-5,kfBXQ54BSuZnUReVmwxZ8DiLpOQ=,AapCUL/dm7clxaX1+mgXuEe+hHc=
-74,-4,kfBXQ54BSuZnUReVmwxZ8DiLpOQ=,AapCUL/dm7clxaX1+mgXuEe+hHc=
-71,-5,kfBXQ54BSuZnUReVmwxZ8DiLpOQ=,AapCUL/dm7clxaX1+mgXuEe+hHc=
-72,-5,kfBXQ54BSuZnUReVmwxZ8DiLpOQ=,AapCUL/dm7clxaX1+mgXuEe+hHc=
-67,-16,kfBXQ54BSuZnUReVmwxZ8DiLpOQ=,AapCUL/dm7clxaX1+mgXuEe+hHc=
-74,-13,kfBXQ54BSuZnUReVmwxZ8DiLpOQ=,AapCUL/dm7clxaX1+mgXuEe+hHc=
-73,-5,kfBXQ54BSuZnUReVmwxZ8DiLpOQ=,AapCUL/dm7clxaX1+mgXuEe+hHc=
-69,-5,kfBXQ54BSuZnUReVmwxZ8DiLpOQ=,AapCUL/dm7clxaX1+mgXuEe+hHc=
-77,-5,kfBXQ54BSuZnUReVmwxZ8DiLpOQ=,AapCUL/dm7clxaX1+mgXuEe+hHc=
-76,-5,kfBXQ54BSuZnUReVmwxZ8DiLpOQ=,AapCUL/dm7clxaX1+mgXuEe+hHc=
-78,-5,kfBXQ54BSuZnUReVmwxZ8DiLpOQ=,AapCUL/dm7clxaX1+mgXuEe+hHc=
-75,-5,kfBXQ54BSuZnUReVmwxZ8DiLpOQ=,AapCUL/dm7clxaX1+mgXuEe+hHc=
-76,-3,kfBXQ54BSuZnUReVmwxZ8DiLpOQ=,AapCUL/dm7clxaX1+mgXuEe+hHc=
-79,-5,kfBXQ54BSuZnUReVmwxZ8DiLpOQ=,AapCUL/dm7clxaX1+mgXuEe+hHc=
-67,-6,kfBXQ54BSuZnUReVmwxZ8DiLpOQ=,AapCUL/dm7clxaX1+mgXuEe+hHc=
-65,-6,kfBXQ54BSuZnUReVmwxZ8DiLpOQ=,AapCUL/dm7clxaX1+mgXuEe+hHc=
-68,-6,kfBXQ54BSuZnUReVmwxZ8DiLpOQ=,AapCUL/dm7clxaX1+mgXuEe+hHc=
-70,-15,kfBXQ54BSuZnUReVmwxZ8DiLpOQ=,AapCUL/dm7clxaX1+mgXuEe+hHc=
-69,-6,kfBXQ54BSuZnUReVmwxZ8DiLpOQ=,AapCUL/dm7clxaX1+mgXuEe+hHc=
-80,-5,kfBXQ54BSuZnUReVmwxZ8DiLpOQ=,AapCUL/dm7clxaX1+mgXuEe+hHc=
-74,-1,kfBXQ54BSuZnUReVmwxZ8DiLpOQ=,AapCUL/dm7clxaX1+mgXuEe+hHc=
-70,-6,kfBXQ54BSuZnUReVmwxZ8DiLpOQ=,AapCUL/dm7clxaX1+mgXuEe+hHc=
-68,-16,kfBXQ54BSuZnUReVmwxZ8DiLpOQ=,AapCUL/dm7clxaX1+mgXuEe+hHc=
-75,-13,kfBXQ54BSuZnUReVmwxZ8DiLpOQ=,AapCUL/dm7clxaX1+mgXuEe+hHc=
-66,-6,kfBXQ54BSuZnUReVmwxZ8DiLpOQ=,AapCUL/dm7clxaX1+mgXuEe+hHc=
-75,-6,kfBXQ54BSuZnUReVmwxZ8DiLpOQ=,AapCUL/dm7clxaX1+mgXuEe+hHc=
-72,-6,kfBXQ54BSuZnUReVmwxZ8DiLpOQ=,AapCUL/dm7clxaX1+mgXuEe+hHc=
-71,-6,kfBXQ54BSuZnUReVmwxZ8DiLpOQ=,AapCUL/dm7clxaX1+mgXuEe+hHc=
-77,-6,kfBXQ54BSuZnUReVmwxZ8DiLpOQ=,AapCUL/dm7clxaX1+mgXuEe+hHc=
-73,-6,kfBXQ54BSuZnUReVmwxZ8DiLpOQ=,AapCUL/dm7clxaX1+mgXuEe+hHc=
-79,-6,kfBXQ54BSuZnUReVmwxZ8DiLpOQ=,AapCUL/dm7clxaX1+mgXuEe+hHc=
-71,-15,kfBXQ54BSuZnUReVmwxZ8DiLpOQ=,AapCUL/dm7clxaX1+mgXuEe+hHc=
-65,-7,kfBXQ54BSuZnUReVmwxZ8DiLpOQ=,AapCUL/dm7clxaX1+mgXuEe+hHc=
-78,-6,kfBXQ54BSuZnUReVmwxZ8DiLpOQ=,AapCUL/dm7clxaX1+mgXuEe+hHc=
-67,-7,kfBXQ54BSuZnUReVmwxZ8DiLpOQ=,AapCUL/dm7clxaX1+mgXuEe+hHc=
-68,-7,kfBXQ54BSuZnUReVmwxZ8DiLpOQ=,AapCUL/dm7clxaX1+mgXuEe+hHc=
-69,-7,kfBXQ54BSuZnUReVmwxZ8DiLpOQ=,AapCUL/dm7clxaX1+mgXuEe+hHc=
-80,-6,kfBXQ54BSuZnUReVmwxZ8DiLpOQ=,AapCUL/dm7clxaX1+mgXuEe+hHc=
-66,-7,kfBXQ54BSuZnUReVmwxZ8DiLpOQ=,AapCUL/dm7clxaX1+mgXuEe+hHc=
-74,-5,kfBXQ54BSuZnUReVmwxZ8DiLpOQ=,AapCUL/dm7clxaX1+mgXuEe+hHc=
-67,-2,kfBXQ54BSuZnUReVmwxZ8DiLpOQ=,AapCUL/dm7clxaX1+mgXuEe+hHc=
-76,-13,kfBXQ54BSuZnUReVmwxZ8DiLpOQ=,AapCUL/dm7clxaX1+mgXuEe+hHc=
-74,-7,kfBXQ54BSuZnUReVmwxZ8DiLpOQ=,AapCUL/dm7clxaX1+mgXuEe+hHc=
-73,-7,kfBXQ54BSuZnUReVmwxZ8DiLpOQ=,AapCUL/dm7clxaX1+mgXuEe+hHc=
-76,-6,kfBXQ54BSuZnUReVmwxZ8DiLpOQ=,AapCUL/dm7clxaX1+mgXuEe+hHc=
-70,-5,kfBXQ54BSuZnUReVmwxZ8DiLpOQ=,AapCUL/dm7clxaX1+mgXuEe+hHc=
-74,-6,kfBXQ54BSuZnUReVmwxZ8DiLpOQ=,AapCUL/dm7clxaX1+mgXuEe+hHc=
-78,-7,kfBXQ54BSuZnUReVmwxZ8DiLpOQ=,AapCUL/dm7clxaX1+mgXuEe+hHc=
-72,-15,kfBXQ54BSuZnUReVmwxZ8DiLpOQ=,AapCUL/dm7clxaX1+mgXuEe+hHc=
-72,-7,kfBXQ54BSuZnUReVmwxZ8DiLpOQ=,AapCUL/dm7clxaX1+mgXuEe+hHc=
-76,-7,kfBXQ54BSuZnUReVmwxZ8DiLpOQ=,AapCUL/dm7clxaX1+mgXuEe+hHc=
-80,-7,kfBXQ54BSuZnUReVmwxZ8DiLpOQ=,AapCUL/dm7clxaX1+mgXuEe+hHc=
-67,-8,kfBXQ54BSuZnUReVmwxZ8DiLpOQ=,AapCUL/dm7clxaX1+mgXuEe+hHc=
-65,-8,kfBXQ54BSuZnUReVmwxZ8DiLpOQ=,AapCUL/dm7clxaX1+mgXuEe+hHc=
-68,-8,kfBXQ54BSuZnUReVmwxZ8DiLpOQ=,AapCUL/dm7clxaX1+mgXuEe+hHc=
-69,-8,kfBXQ54BSuZnUReVmwxZ8DiLpOQ=,AapCUL/dm7clxaX1+mgXuEe+hHc=
-70,-8,kfBXQ54BSuZnUReVmwxZ8DiLpOQ=,AapCUL/dm7clxaX1+mgXuEe+hHc=
-72,-8,kfBXQ54BSuZnUReVmwxZ8DiLpOQ=,AapCUL/dm7clxaX1+mgXuEe+hHc=
-66,-8,kfBXQ54BSuZnUReVmwxZ8DiLpOQ=,AapCUL/dm7clxaX1+mgXuEe+hHc=
-77,-13,kfBXQ54BSuZnUReVmwxZ8DiLpOQ=,AapCUL/dm7clxaX1+mgXuEe+hHc=
-77,-7,kfBXQ54BSuZnUReVmwxZ8DiLpOQ=,AapCUL/dm7clxaX1+mgXuEe+hHc=
-74,-8,kfBXQ54BSuZnUReVmwxZ8DiLpOQ=,AapCUL/dm7clxaX1+mgXuEe+hHc=
-75,-8,kfBXQ54BSuZnUReVmwxZ8DiLpOQ=,AapCUL/dm7clxaX1+mgXuEe+hHc=
-76,-8,kfBXQ54BSuZnUReVmwxZ8DiLpOQ=,AapCUL/dm7clxaX1+mgXuEe+hHc=
-77,-8,kfBXQ54BSuZnUReVmwxZ8DiLpOQ=,AapCUL/dm7clxaX1+mgXuEe+hHc=
-78,-8,kfBXQ54BSuZnUReVmwxZ8DiLpOQ=,AapCUL/dm7clxaX1+mgXuEe+hHc=
-71,-7,kfBXQ54BSuZnUReVmwxZ8DiLpOQ=,AapCUL/dm7clxaX1+mgXuEe+hHc=
-73,-15,kfBXQ54BSuZnUReVmwxZ8DiLpOQ=,AapCUL/dm7clxaX1+mgXuEe+hHc=
-79,-7,kfBXQ54BSuZnUReVmwxZ8DiLpOQ=,AapCUL/dm7clxaX1+mgXuEe+hHc=
-70,-16,kfBXQ54BSuZnUReVmwxZ8DiLpOQ=,AapCUL/dm7clxaX1+mgXuEe+hHc=
-80,-8,kfBXQ54BSuZnUReVmwxZ8DiLpOQ=,AapCUL/dm7clxaX1+mgXuEe+hHc=
-71,-8,kfBXQ54BSuZnUReVmwxZ8DiLpOQ=,AapCUL/dm7clxaX1+mgXuEe+hHc=
-66,-9,kfBXQ54BSuZnUReVmwxZ8DiLpOQ=,AapCUL/dm7clxaX1+mgXuEe+hHc=
-67,-9,kfBXQ54BSuZnUReVmwxZ8DiLpOQ=,AapCUL/dm7clxaX1+mgXuEe+hHc=
-69,-16,kfBXQ54BSuZnUReVmwxZ8DiLpOQ=,AapCUL/dm7clxaX1+mgXuEe+hHc=
-78,-13,kfBXQ54BSuZnUReVmwxZ8DiLpOQ=,AapCUL/dm7clxaX1+mgXuEe+hHc=
-72,-9,kfBXQ54BSuZnUReVmwxZ8DiLpOQ=,AapCUL/dm7clxaX1+mgXuEe+hHc=
-73,-9,kfBXQ54BSuZnUReVmwxZ8DiLpOQ=,AapCUL/dm7clxaX1+mgXuEe+hHc=
-74,-9,kfBXQ54BSuZnUReVmwxZ8DiLpOQ=,AapCUL/dm7clxaX1+mgXuEe+hHc=
-76,-9,kfBXQ54BSuZnUReVmwxZ8DiLpOQ=,AapCUL/dm7clxaX1+mgXuEe+hHc=
-75,-9,kfBXQ54BSuZnUReVmwxZ8DiLpOQ=,AapCUL/dm7clxaX1+mgXuEe+hHc=
-77,-9,kfBXQ54BSuZnUReVmwxZ8DiLpOQ=,AapCUL/dm7clxaX1+mgXuEe+hHc=
-78,-9,kfBXQ54BSuZnUReVmwxZ8DiLpOQ=,AapCUL/dm7clxaX1+mgXuEe+hHc=
-68,-9,kfBXQ54BSuZnUReVmwxZ8DiLpOQ=,AapCUL/dm7clxaX1+mgXuEe+hHc=
-74,-15,kfBXQ54BSuZnUReVmwxZ8DiLpOQ=,AapCUL/dm7clxaX1+mgXuEe+hHc=
-69,-9,kfBXQ54BSuZnUReVmwxZ8DiLpOQ=,AapCUL/dm7clxaX1+mgXuEe+hHc=
-79,-8,kfBXQ54BSuZnUReVmwxZ8DiLpOQ=,AapCUL/dm7clxaX1+mgXuEe+hHc=
-66,-10,kfBXQ54BSuZnUReVmwxZ8DiLpOQ=,AapCUL/dm7clxaX1+mgXuEe+hHc=
-65,-10,kfBXQ54BSuZnUReVmwxZ8DiLpOQ=,AapCUL/dm7clxaX1+mgXuEe+hHc=
-80,-9,kfBXQ54BSuZnUReVmwxZ8DiLpOQ=,AapCUL/dm7clxaX1+mgXuEe+hHc=
-79,-9,kfBXQ54BSuZnUReVmwxZ8DiLpOQ=,AapCUL/dm7clxaX1+mgXuEe+hHc=
-67,-10,kfBXQ54BSuZnUReVmwxZ8DiLpOQ=,AapCUL/dm7clxaX1+mgXuEe+hHc=
-72,-16,kfBXQ54BSuZnUReVmwxZ8DiLpOQ=,AapCUL/dm7clxaX1+mgXuEe+hHc=
-65,-9,kfBXQ54BSuZnUReVmwxZ8DiLpOQ=,AapCUL/dm7clxaX1+mgXuEe+hHc=
-68,-10,kfBXQ54BSuZnUReVmwxZ8DiLpOQ=,AapCUL/dm7clxaX1+mgXuEe+hHc=
-78,-4,kfBXQ54BSuZnUReVmwxZ8DiLpOQ=,AapCUL/dm7clxaX1+mgXuEe+hHc=
-71,-9,kfBXQ54BSuZnUReVmwxZ8DiLpOQ=,AapCUL/dm7clxaX1+mgXuEe+hHc=
-74,-10,kfBXQ54BSuZnUReVmwxZ8DiLpOQ=,AapCUL/dm7clxaX1+mgXuEe+hHc=
-73,-10,kfBXQ54BSuZnUReVmwxZ8DiLpOQ=,AapCUL/dm7clxaX1+mgXuEe+hHc=
-75,-10,kfBXQ54BSuZnUReVmwxZ8DiLpOQ=,AapCUL/dm7clxaX1+mgXuEe+hHc=
-76,-10,kfBXQ54BSuZnUReVmwxZ8DiLpOQ=,AapCUL/dm7clxaX1+mgXuEe+hHc=
-78,-10,kfBXQ54BSuZnUReVmwxZ8DiLpOQ=,AapCUL/dm7clxaX1+mgXuEe+hHc=
-72,-10,kfBXQ54BSuZnUReVmwxZ8DiLpOQ=,AapCUL/dm7clxaX1+mgXuEe+hHc=
-79,-10,kfBXQ54BSuZnUReVmwxZ8DiLpOQ=,AapCUL/dm7clxaX1+mgXuEe+hHc=
-77,-10,kfBXQ54BSuZnUReVmwxZ8DiLpOQ=,AapCUL/dm7clxaX1+mgXuEe+hHc=
-65,-11,kfBXQ54BSuZnUReVmwxZ8DiLpOQ=,AapCUL/dm7clxaX1+mgXuEe+hHc=
-75,-15,kfBXQ54BSuZnUReVmwxZ8DiLpOQ=,AapCUL/dm7clxaX1+mgXuEe+hHc=
-66,-11,kfBXQ54BSuZnUReVmwxZ8DiLpOQ=,AapCUL/dm7clxaX1+mgXuEe+hHc=
-71,-16,kfBXQ54BSuZnUReVmwxZ8DiLpOQ=,AapCUL/dm7clxaX1+mgXuEe+hHc=
-67,-11,kfBXQ54BSuZnUReVmwxZ8DiLpOQ=,AapCUL/dm7clxaX1+mgXuEe+hHc=
-73,-16,kfBXQ54BSuZnUReVmwxZ8DiLpOQ=,AapCUL/dm7clxaX1+mgXuEe+hHc=
-80,-13,kfBXQ54BSuZnUReVmwxZ8DiLpOQ=,AapCUL/dm7clxaX1+mgXuEe+hHc=
-76,-15,kfBXQ54BSuZnUReVmwxZ8DiLpOQ=,AapCUL/dm7clxaX1+mgXuEe+hHc=
-75,-7,kfBXQ54BSuZnUReVmwxZ8DiLpOQ=,AapCUL/dm7clxaX1+mgXuEe+hHc=
-71,-11,kfBXQ54BSuZnUReVmwxZ8DiLpOQ=,AapCUL/dm7clxaX1+mgXuEe+hHc=
-72,-11,kfBXQ54BSuZnUReVmwxZ8DiLpOQ=,AapCUL/dm7clxaX1+mgXuEe+hHc=
-73,-11,kfBXQ54BSuZnUReVmwxZ8DiLpOQ=,AapCUL/dm7clxaX1+mgXuEe+hHc=
-74,-11,kfBXQ54BSuZnUReVmwxZ8DiLpOQ=,AapCUL/dm7clxaX1+mgXuEe+hHc=
-75,-11,kfBXQ54BSuZnUReVmwxZ8DiLpOQ=,AapCUL/dm7clxaX1+mgXuEe+hHc=
-76,-11,kfBXQ54BSuZnUReVmwxZ8DiLpOQ=,AapCUL/dm7clxaX1+mgXuEe+hHc=
-77,-11,kfBXQ54BSuZnUReVmwxZ8DiLpOQ=,AapCUL/dm7clxaX1+mgXuEe+hHc=
-78,-11,kfBXQ54BSuZnUReVmwxZ8DiLpOQ=,AapCUL/dm7clxaX1+mgXuEe+hHc=
-79,-11,kfBXQ54BSuZnUReVmwxZ8DiLpOQ=,AapCUL/dm7clxaX1+mgXuEe+hHc=
-80,-11,kfBXQ54BSuZnUReVmwxZ8DiLpOQ=,AapCUL/dm7clxaX1+mgXuEe+hHc=
-77,-15,kfBXQ54BSuZnUReVmwxZ8DiLpOQ=,AapCUL/dm7clxaX1+mgXuEe+hHc=
-65,-12,kfBXQ54BSuZnUReVmwxZ8DiLpOQ=,AapCUL/dm7clxaX1+mgXuEe+hHc=
-66,-12,kfBXQ54BSuZnUReVmwxZ8DiLpOQ=,AapCUL/dm7clxaX1+mgXuEe+hHc=
-67,-12,kfBXQ54BSuZnUReVmwxZ8DiLpOQ=,AapCUL/dm7clxaX1+mgXuEe+hHc=
-68,-12,kfBXQ54BSuZnUReVmwxZ8DiLpOQ=,AapCUL/dm7clxaX1+mgXuEe+hHc=
-74,-16,kfBXQ54BSuZnUReVmwxZ8DiLpOQ=,AapCUL/dm7clxaX1+mgXuEe+hHc=
-65,-14,kfBXQ54BSuZnUReVmwxZ8DiLpOQ=,AapCUL/dm7clxaX1+mgXuEe+hHc=
-69,-11,kfBXQ54BSuZnUReVmwxZ8DiLpOQ=,AapCUL/dm7clxaX1+mgXuEe+hHc=
-71,-10,kfBXQ54BSuZnUReVmwxZ8DiLpOQ=,AapCUL/dm7clxaX1+mgXuEe+hHc=
-71,-12,kfBXQ54BSuZnUReVmwxZ8DiLpOQ=,AapCUL/dm7clxaX1+mgXuEe+hHc=
-72,-12,kfBXQ54BSuZnUReVmwxZ8DiLpOQ=,AapCUL/dm7clxaX1+mgXuEe+hHc=
-73,-12,kfBXQ54BSuZnUReVmwxZ8DiLpOQ=,AapCUL/dm7clxaX1+mgXuEe+hHc=
-74,-12,kfBXQ54BSuZnUReVmwxZ8DiLpOQ=,AapCUL/dm7clxaX1+mgXuEe+hHc=
-75,-12,kfBXQ54BSuZnUReVmwxZ8DiLpOQ=,AapCUL/dm7clxaX1+mgXuEe+hHc=
-76,-12,kfBXQ54BSuZnUReVmwxZ8DiLpOQ=,AapCUL/dm7clxaX1+mgXuEe+hHc=
-77,-12,kfBXQ54BSuZnUReVmwxZ8DiLpOQ=,AapCUL/dm7clxaX1+mgXuEe+hHc=
-78,-12,kfBXQ54BSuZnUReVmwxZ8DiLpOQ=,AapCUL/dm7clxaX1+mgXuEe+hHc=
-79,-12,kfBXQ54BSuZnUReVmwxZ8DiLpOQ=,AapCUL/dm7clxaX1+mgXuEe+hHc=
-80,-12,kfBXQ54BSuZnUReVmwxZ8DiLpOQ=,AapCUL/dm7clxaX1+mgXuEe+hHc=
-78,-15,kfBXQ54BSuZnUReVmwxZ8DiLpOQ=,AapCUL/dm7clxaX1+mgXuEe+hHc=
-80,-16,kfBXQ54BSuZnUReVmwxZ8DiLpOQ=,AapCUL/dm7clxaX1+mgXuEe+hHc=
-65,-13,kfBXQ54BSuZnUReVmwxZ8DiLpOQ=,AapCUL/dm7clxaX1+mgXuEe+hHc=
-75,-16,kfBXQ54BSuZnUReVmwxZ8DiLpOQ=,AapCUL/dm7clxaX1+mgXuEe+hHc=
-66,-13,kfBXQ54BSuZnUReVmwxZ8DiLpOQ=,AapCUL/dm7clxaX1+mgXuEe+hHc=
-67,-13,kfBXQ54BSuZnUReVmwxZ8DiLpOQ=,AapCUL/dm7clxaX1+mgXuEe+hHc=
-76,-16,kfBXQ54BSuZnUReVmwxZ8DiLpOQ=,AapCUL/dm7clxaX1+mgXuEe+hHc=
-66,-14,kfBXQ54BSuZnUReVmwxZ8DiLpOQ=,AapCUL/dm7clxaX1+mgXuEe+hHc=
-73,-8,kfBXQ54BSuZnUReVmwxZ8DiLpOQ=,AapCUL/dm7clxaX1+mgXuEe+hHc=
-79,-13,kfBXQ54BSuZnUReVmwxZ8DiLpOQ=,AapCUL/dm7clxaX1+mgXuEe+hHc=
-70,-12,kfBXQ54BSuZnUReVmwxZ8DiLpOQ=,AapCUL/dm7clxaX1+mgXuEe+hHc=
-70,-10,kfBXQ54BSuZnUReVmwxZ8DiLpOQ=,AapCUL/dm7clxaX1+mgXuEe+hHc=
-69,-12,kfBXQ54BSuZnUReVmwxZ8DiLpOQ=,AapCUL/dm7clxaX1+mgXuEe+hHc=
-80,-10,kfBXQ54BSuZnUReVmwxZ8DiLpOQ=,AapCUL/dm7clxaX1+mgXuEe+hHc=
-70,-9,kfBXQ54BSuZnUReVmwxZ8DiLpOQ=,AapCUL/dm7clxaX1+mgXuEe+hHc=
-70,-7,kfBXQ54BSuZnUReVmwxZ8DiLpOQ=,AapCUL/dm7clxaX1+mgXuEe+hHc=
-69,-10,kfBXQ54BSuZnUReVmwxZ8DiLpOQ=,AapCUL/dm7clxaX1+mgXuEe+hHc=
-68,-11,kfBXQ54BSuZnUReVmwxZ8DiLpOQ=,AapCUL/dm7clxaX1+mgXuEe+hHc=
-70,-11,kfBXQ54BSuZnUReVmwxZ8DiLpOQ=,AapCUL/dm7clxaX1+mgXuEe+hHc=
-65,-17,kfBXQ54BSuZnUReVmwxZ8DiLpOQ=,zQ4cB9krMG7qXbBQN9o9vEBa2O4=
-66,-30,kfBXQ54BSuZnUReVmwxZ8DiLpOQ=,zQ4cB9krMG7qXbBQN9o9vEBa2O4=
-67,-17,kfBXQ54BSuZnUReVmwxZ8DiLpOQ=,zQ4cB9krMG7qXbBQN9o9vEBa2O4=
-66,-17,kfBXQ54BSuZnUReVmwxZ8DiLpOQ=,zQ4cB9krMG7qXbBQN9o9vEBa2O4=
-65,-30,kfBXQ54BSuZnUReVmwxZ8DiLpOQ=,zQ4cB9krMG7qXbBQN9o9vEBa2O4=
-67,-30,kfBXQ54BSuZnUReVmwxZ8DiLpOQ=,zQ4cB9krMG7qXbBQN9o9vEBa2O4=
-77,-32,kfBXQ54BSuZnUReVmwxZ8DiLpOQ=,zQ4cB9krMG7qXbBQN9o9vEBa2O4=
-80,-29,kfBXQ54BSuZnUReVmwxZ8DiLpOQ=,zQ4cB9krMG7qXbBQN9o9vEBa2O4=
-68,-17,kfBXQ54BSuZnUReVmwxZ8DiLpOQ=,zQ4cB9krMG7qXbBQN9o9vEBa2O4=
-79,-29,kfBXQ54BSuZnUReVmwxZ8DiLpOQ=,zQ4cB9krMG7qXbBQN9o9vEBa2O4=
-78,-29,kfBXQ54BSuZnUReVmwxZ8DiLpOQ=,zQ4cB9krMG7qXbBQN9o9vEBa2O4=
-77,-29,kfBXQ54BSuZnUReVmwxZ8DiLpOQ=,zQ4cB9krMG7qXbBQN9o9vEBa2O4=
-80,-30,kfBXQ54BSuZnUReVmwxZ8DiLpOQ=,zQ4cB9krMG7qXbBQN9o9vEBa2O4=
-80,-32,kfBXQ54BSuZnUReVmwxZ8DiLpOQ=,zQ4cB9krMG7qXbBQN9o9vEBa2O4=
-76,-29,kfBXQ54BSuZnUReVmwxZ8DiLpOQ=,zQ4cB9krMG7qXbBQN9o9vEBa2O4=
-75,-29,kfBXQ54BSuZnUReVmwxZ8DiLpOQ=,zQ4cB9krMG7qXbBQN9o9vEBa2O4=
-76,-32,kfBXQ54BSuZnUReVmwxZ8DiLpOQ=,zQ4cB9krMG7qXbBQN9o9vEBa2O4=
-74,-29,kfBXQ54BSuZnUReVmwxZ8DiLpOQ=,zQ4cB9krMG7qXbBQN9o9vEBa2O4=
-73,-29,kfBXQ54BSuZnUReVmwxZ8DiLpOQ=,zQ4cB9krMG7qXbBQN9o9vEBa2O4=
-72,-29,kfBXQ54BSuZnUReVmwxZ8DiLpOQ=,zQ4cB9krMG7qXbBQN9o9vEBa2O4=
-71,-29,kfBXQ54BSuZnUReVmwxZ8DiLpOQ=,zQ4cB9krMG7qXbBQN9o9vEBa2O4=
-69,-29,kfBXQ54BSuZnUReVmwxZ8DiLpOQ=,zQ4cB9krMG7qXbBQN9o9vEBa2O4=
-70,-29,kfBXQ54BSuZnUReVmwxZ8DiLpOQ=,zQ4cB9krMG7qXbBQN9o9vEBa2O4=
-68,-29,kfBXQ54BSuZnUReVmwxZ8DiLpOQ=,zQ4cB9krMG7qXbBQN9o9vEBa2O4=
-67,-29,kfBXQ54BSuZnUReVmwxZ8DiLpOQ=,zQ4cB9krMG7qXbBQN9o9vEBa2O4=
-66,-29,kfBXQ54BSuZnUReVmwxZ8DiLpOQ=,zQ4cB9krMG7qXbBQN9o9vEBa2O4=
-65,-29,kfBXQ54BSuZnUReVmwxZ8DiLpOQ=,zQ4cB9krMG7qXbBQN9o9vEBa2O4=
-79,-30,kfBXQ54BSuZnUReVmwxZ8DiLpOQ=,zQ4cB9krMG7qXbBQN9o9vEBa2O4=
-80,-28,kfBXQ54BSuZnUReVmwxZ8DiLpOQ=,zQ4cB9krMG7qXbBQN9o9vEBa2O4=
-78,-28,kfBXQ54BSuZnUReVmwxZ8DiLpOQ=,zQ4cB9krMG7qXbBQN9o9vEBa2O4=
-77,-28,kfBXQ54BSuZnUReVmwxZ8DiLpOQ=,zQ4cB9krMG7qXbBQN9o9vEBa2O4=
-79,-28,kfBXQ54BSuZnUReVmwxZ8DiLpOQ=,zQ4cB9krMG7qXbBQN9o9vEBa2O4=
-78,-30,kfBXQ54BSuZnUReVmwxZ8DiLpOQ=,zQ4cB9krMG7qXbBQN9o9vEBa2O4=
-76,-28,kfBXQ54BSuZnUReVmwxZ8DiLpOQ=,zQ4cB9krMG7qXbBQN9o9vEBa2O4=
-75,-32,kfBXQ54BSuZnUReVmwxZ8DiLpOQ=,zQ4cB9krMG7qXbBQN9o9vEBa2O4=
-75,-28,kfBXQ54BSuZnUReVmwxZ8DiLpOQ=,zQ4cB9krMG7qXbBQN9o9vEBa2O4=
-74,-28,kfBXQ54BSuZnUReVmwxZ8DiLpOQ=,zQ4cB9krMG7qXbBQN9o9vEBa2O4=
-73,-28,kfBXQ54BSuZnUReVmwxZ8DiLpOQ=,zQ4cB9krMG7qXbBQN9o9vEBa2O4=
-72,-28,kfBXQ54BSuZnUReVmwxZ8DiLpOQ=,zQ4cB9krMG7qXbBQN9o9vEBa2O4=
-71,-28,kfBXQ54BSuZnUReVmwxZ8DiLpOQ=,zQ4cB9krMG7qXbBQN9o9vEBa2O4=
-70,-28,kfBXQ54BSuZnUReVmwxZ8DiLpOQ=,zQ4cB9krMG7qXbBQN9o9vEBa2O4=
-69,-28,kfBXQ54BSuZnUReVmwxZ8DiLpOQ=,zQ4cB9krMG7qXbBQN9o9vEBa2O4=
-68,-28,kfBXQ54BSuZnUReVmwxZ8DiLpOQ=,zQ4cB9krMG7qXbBQN9o9vEBa2O4=
-67,-28,kfBXQ54BSuZnUReVmwxZ8DiLpOQ=,zQ4cB9krMG7qXbBQN9o9vEBa2O4=
-66,-28,kfBXQ54BSuZnUReVmwxZ8DiLpOQ=,zQ4cB9krMG7qXbBQN9o9vEBa2O4=
-65,-28,kfBXQ54BSuZnUReVmwxZ8DiLpOQ=,zQ4cB9krMG7qXbBQN9o9vEBa2O4=
-74,-32,kfBXQ54BSuZnUReVmwxZ8DiLpOQ=,zQ4cB9krMG7qXbBQN9o9vEBa2O4=
-69,-17,kfBXQ54BSuZnUReVmwxZ8DiLpOQ=,zQ4cB9krMG7qXbBQN9o9vEBa2O4=
-73,-17,kfBXQ54BSuZnUReVmwxZ8DiLpOQ=,zQ4cB9krMG7qXbBQN9o9vEBa2O4=
-74,-17,kfBXQ54BSuZnUReVmwxZ8DiLpOQ=,zQ4cB9krMG7qXbBQN9o9vEBa2O4=
-75,-17,kfBXQ54BSuZnUReVmwxZ8DiLpOQ=,zQ4cB9krMG7qXbBQN9o9vEBa2O4=
-77,-17,kfBXQ54BSuZnUReVmwxZ8DiLpOQ=,zQ4cB9krMG7qXbBQN9o9vEBa2O4=
-78,-17,kfBXQ54BSuZnUReVmwxZ8DiLpOQ=,zQ4cB9krMG7qXbBQN9o9vEBa2O4=
-76,-17,kfBXQ54BSuZnUReVmwxZ8DiLpOQ=,zQ4cB9krMG7qXbBQN9o9vEBa2O4=
-65,-31,kfBXQ54BSuZnUReVmwxZ8DiLpOQ=,zQ4cB9krMG7qXbBQN9o9vEBa2O4=
-79,-31,kfBXQ54BSuZnUReVmwxZ8DiLpOQ=,zQ4cB9krMG7qXbBQN9o9vEBa2O4=
-66,-31,kfBXQ54BSuZnUReVmwxZ8DiLpOQ=,zQ4cB9krMG7qXbBQN9o9vEBa2O4=
-67,-31,kfBXQ54BSuZnUReVmwxZ8DiLpOQ=,zQ4cB9krMG7qXbBQN9o9vEBa2O4=
-68,-31,kfBXQ54BSuZnUReVmwxZ8DiLpOQ=,zQ4cB9krMG7qXbBQN9o9vEBa2O4=
-69,-31,kfBXQ54BSuZnUReVmwxZ8DiLpOQ=,zQ4cB9krMG7qXbBQN9o9vEBa2O4=
-70,-31,kfBXQ54BSuZnUReVmwxZ8DiLpOQ=,zQ4cB9krMG7qXbBQN9o9vEBa2O4=
-80,-17,kfBXQ54BSuZnUReVmwxZ8DiLpOQ=,zQ4cB9krMG7qXbBQN9o9vEBa2O4=
-71,-31,kfBXQ54BSuZnUReVmwxZ8DiLpOQ=,zQ4cB9krMG7qXbBQN9o9vEBa2O4=
-72,-31,kfBXQ54BSuZnUReVmwxZ8DiLpOQ=,zQ4cB9krMG7qXbBQN9o9vEBa2O4=
-73,-31,kfBXQ54BSuZnUReVmwxZ8DiLpOQ=,zQ4cB9krMG7qXbBQN9o9vEBa2O4=
-74,-31,kfBXQ54BSuZnUReVmwxZ8DiLpOQ=,zQ4cB9krMG7qXbBQN9o9vEBa2O4=
-75,-31,kfBXQ54BSuZnUReVmwxZ8DiLpOQ=,zQ4cB9krMG7qXbBQN9o9vEBa2O4=
-65,-18,kfBXQ54BSuZnUReVmwxZ8DiLpOQ=,zQ4cB9krMG7qXbBQN9o9vEBa2O4=
-76,-31,kfBXQ54BSuZnUReVmwxZ8DiLpOQ=,zQ4cB9krMG7qXbBQN9o9vEBa2O4=
-77,-31,kfBXQ54BSuZnUReVmwxZ8DiLpOQ=,zQ4cB9krMG7qXbBQN9o9vEBa2O4=
-78,-31,kfBXQ54BSuZnUReVmwxZ8DiLpOQ=,zQ4cB9krMG7qXbBQN9o9vEBa2O4=
-66,-18,kfBXQ54BSuZnUReVmwxZ8DiLpOQ=,zQ4cB9krMG7qXbBQN9o9vEBa2O4=
-78,-32,kfBXQ54BSuZnUReVmwxZ8DiLpOQ=,zQ4cB9krMG7qXbBQN9o9vEBa2O4=
-68,-30,kfBXQ54BSuZnUReVmwxZ8DiLpOQ=,zQ4cB9krMG7qXbBQN9o9vEBa2O4=
-67,-18,kfBXQ54BSuZnUReVmwxZ8DiLpOQ=,zQ4cB9krMG7qXbBQN9o9vEBa2O4=
-68,-18,kfBXQ54BSuZnUReVmwxZ8DiLpOQ=,zQ4cB9krMG7qXbBQN9o9vEBa2O4=
-72,-17,kfBXQ54BSuZnUReVmwxZ8DiLpOQ=,zQ4cB9krMG7qXbBQN9o9vEBa2O4=
-80,-27,kfBXQ54BSuZnUReVmwxZ8DiLpOQ=,zQ4cB9krMG7qXbBQN9o9vEBa2O4=
-69,-18,kfBXQ54BSuZnUReVmwxZ8DiLpOQ=,zQ4cB9krMG7qXbBQN9o9vEBa2O4=
-79,-27,kfBXQ54BSuZnUReVmwxZ8DiLpOQ=,zQ4cB9krMG7qXbBQN9o9vEBa2O4=
-78,-27,kfBXQ54BSuZnUReVmwxZ8DiLpOQ=,zQ4cB9krMG7qXbBQN9o9vEBa2O4=
-70,-17,kfBXQ54BSuZnUReVmwxZ8DiLpOQ=,zQ4cB9krMG7qXbBQN9o9vEBa2O4=
-76,-27,kfBXQ54BSuZnUReVmwxZ8DiLpOQ=,zQ4cB9krMG7qXbBQN9o9vEBa2O4=
-77,-30,kfBXQ54BSuZnUReVmwxZ8DiLpOQ=,zQ4cB9krMG7qXbBQN9o9vEBa2O4=
-73,-32,kfBXQ54BSuZnUReVmwxZ8DiLpOQ=,zQ4cB9krMG7qXbBQN9o9vEBa2O4=
-75,-27,kfBXQ54BSuZnUReVmwxZ8DiLpOQ=,zQ4cB9krMG7qXbBQN9o9vEBa2O4=
-74,-27,kfBXQ54BSuZnUReVmwxZ8DiLpOQ=,zQ4cB9krMG7qXbBQN9o9vEBa2O4=
-79,-17,kfBXQ54BSuZnUReVmwxZ8DiLpOQ=,zQ4cB9krMG7qXbBQN9o9vEBa2O4=
-72,-27,kfBXQ54BSuZnUReVmwxZ8DiLpOQ=,zQ4cB9krMG7qXbBQN9o9vEBa2O4=
-73,-27,kfBXQ54BSuZnUReVmwxZ8DiLpOQ=,zQ4cB9krMG7qXbBQN9o9vEBa2O4=
-71,-27,kfBXQ54BSuZnUReVmwxZ8DiLpOQ=,zQ4cB9krMG7qXbBQN9o9vEBa2O4=
-70,-27,kfBXQ54BSuZnUReVmwxZ8DiLpOQ=,zQ4cB9krMG7qXbBQN9o9vEBa2O4=
-69,-27,kfBXQ54BSuZnUReVmwxZ8DiLpOQ=,zQ4cB9krMG7qXbBQN9o9vEBa2O4=
-68,-27,kfBXQ54BSuZnUReVmwxZ8DiLpOQ=,zQ4cB9krMG7qXbBQN9o9vEBa2O4=
-67,-27,kfBXQ54BSuZnUReVmwxZ8DiLpOQ=,zQ4cB9krMG7qXbBQN9o9vEBa2O4=
-65,-27,kfBXQ54BSuZnUReVmwxZ8DiLpOQ=,zQ4cB9krMG7qXbBQN9o9vEBa2O4=
-71,-18,kfBXQ54BSuZnUReVmwxZ8DiLpOQ=,zQ4cB9krMG7qXbBQN9o9vEBa2O4=
-66,-27,kfBXQ54BSuZnUReVmwxZ8DiLpOQ=,zQ4cB9krMG7qXbBQN9o9vEBa2O4=
-77,-27,kfBXQ54BSuZnUReVmwxZ8DiLpOQ=,zQ4cB9krMG7qXbBQN9o9vEBa2O4=
-73,-18,kfBXQ54BSuZnUReVmwxZ8DiLpOQ=,zQ4cB9krMG7qXbBQN9o9vEBa2O4=
-75,-18,kfBXQ54BSuZnUReVmwxZ8DiLpOQ=,zQ4cB9krMG7qXbBQN9o9vEBa2O4=
-76,-18,kfBXQ54BSuZnUReVmwxZ8DiLpOQ=,zQ4cB9krMG7qXbBQN9o9vEBa2O4=
-78,-18,kfBXQ54BSuZnUReVmwxZ8DiLpOQ=,zQ4cB9krMG7qXbBQN9o9vEBa2O4=
-79,-18,kfBXQ54BSuZnUReVmwxZ8DiLpOQ=,zQ4cB9krMG7qXbBQN9o9vEBa2O4=
-80,-18,kfBXQ54BSuZnUReVmwxZ8DiLpOQ=,zQ4cB9krMG7qXbBQN9o9vEBa2O4=
-77,-18,kfBXQ54BSuZnUReVmwxZ8DiLpOQ=,zQ4cB9krMG7qXbBQN9o9vEBa2O4=
-65,-19,kfBXQ54BSuZnUReVmwxZ8DiLpOQ=,zQ4cB9krMG7qXbBQN9o9vEBa2O4=
-80,-31,kfBXQ54BSuZnUReVmwxZ8DiLpOQ=,zQ4cB9krMG7qXbBQN9o9vEBa2O4=
-65,-32,kfBXQ54BSuZnUReVmwxZ8DiLpOQ=,zQ4cB9krMG7qXbBQN9o9vEBa2O4=
-66,-19,kfBXQ54BSuZnUReVmwxZ8DiLpOQ=,zQ4cB9krMG7qXbBQN9o9vEBa2O4=
-67,-19,kfBXQ54BSuZnUReVmwxZ8DiLpOQ=,zQ4cB9krMG7qXbBQN9o9vEBa2O4=
-69,-30,kfBXQ54BSuZnUReVmwxZ8DiLpOQ=,zQ4cB9krMG7qXbBQN9o9vEBa2O4=
-68,-19,kfBXQ54BSuZnUReVmwxZ8DiLpOQ=,zQ4cB9krMG7qXbBQN9o9vEBa2O4=
-69,-19,kfBXQ54BSuZnUReVmwxZ8DiLpOQ=,zQ4cB9krMG7qXbBQN9o9vEBa2O4=
-70,-19,kfBXQ54BSuZnUReVmwxZ8DiLpOQ=,zQ4cB9krMG7qXbBQN9o9vEBa2O4=
-74,-18,kfBXQ54BSuZnUReVmwxZ8DiLpOQ=,zQ4cB9krMG7qXbBQN9o9vEBa2O4=
-80,-26,kfBXQ54BSuZnUReVmwxZ8DiLpOQ=,zQ4cB9krMG7qXbBQN9o9vEBa2O4=
-79,-26,kfBXQ54BSuZnUReVmwxZ8DiLpOQ=,zQ4cB9krMG7qXbBQN9o9vEBa2O4=
-71,-19,kfBXQ54BSuZnUReVmwxZ8DiLpOQ=,zQ4cB9krMG7qXbBQN9o9vEBa2O4=
-72,-19,kfBXQ54BSuZnUReVmwxZ8DiLpOQ=,zQ4cB9krMG7qXbBQN9o9vEBa2O4=
-73,-19,kfBXQ54BSuZnUReVmwxZ8DiLpOQ=,zQ4cB9krMG7qXbBQN9o9vEBa2O4=
-76,-19,kfBXQ54BSuZnUReVmwxZ8DiLpOQ=,zQ4cB9krMG7qXbBQN9o9vEBa2O4=
-77,-19,kfBXQ54BSuZnUReVmwxZ8DiLpOQ=,zQ4cB9krMG7qXbBQN9o9vEBa2O4=
-78,-19,kfBXQ54BSuZnUReVmwxZ8DiLpOQ=,zQ4cB9krMG7qXbBQN9o9vEBa2O4=
-74,-19,kfBXQ54BSuZnUReVmwxZ8DiLpOQ=,zQ4cB9krMG7qXbBQN9o9vEBa2O4=
-79,-19,kfBXQ54BSuZnUReVmwxZ8DiLpOQ=,zQ4cB9krMG7qXbBQN9o9vEBa2O4=
-79,-32,kfBXQ54BSuZnUReVmwxZ8DiLpOQ=,zQ4cB9krMG7qXbBQN9o9vEBa2O4=
-65,-20,kfBXQ54BSuZnUReVmwxZ8DiLpOQ=,zQ4cB9krMG7qXbBQN9o9vEBa2O4=
-80,-19,kfBXQ54BSuZnUReVmwxZ8DiLpOQ=,zQ4cB9krMG7qXbBQN9o9vEBa2O4=
-66,-20,kfBXQ54BSuZnUReVmwxZ8DiLpOQ=,zQ4cB9krMG7qXbBQN9o9vEBa2O4=
-67,-20,kfBXQ54BSuZnUReVmwxZ8DiLpOQ=,zQ4cB9krMG7qXbBQN9o9vEBa2O4=
-66,-32,kfBXQ54BSuZnUReVmwxZ8DiLpOQ=,zQ4cB9krMG7qXbBQN9o9vEBa2O4=
-70,-30,kfBXQ54BSuZnUReVmwxZ8DiLpOQ=,zQ4cB9krMG7qXbBQN9o9vEBa2O4=
-68,-20,kfBXQ54BSuZnUReVmwxZ8DiLpOQ=,zQ4cB9krMG7qXbBQN9o9vEBa2O4=
-69,-20,kfBXQ54BSuZnUReVmwxZ8DiLpOQ=,zQ4cB9krMG7qXbBQN9o9vEBa2O4=
-70,-20,kfBXQ54BSuZnUReVmwxZ8DiLpOQ=,zQ4cB9krMG7qXbBQN9o9vEBa2O4=
-70,-18,kfBXQ54BSuZnUReVmwxZ8DiLpOQ=,zQ4cB9krMG7qXbBQN9o9vEBa2O4=
-75,-19,kfBXQ54BSuZnUReVmwxZ8DiLpOQ=,zQ4cB9krMG7qXbBQN9o9vEBa2O4=
-72,-20,kfBXQ54BSuZnUReVmwxZ8DiLpOQ=,zQ4cB9krMG7qXbBQN9o9vEBa2O4=
-75,-20,kfBXQ54BSuZnUReVmwxZ8DiLpOQ=,zQ4cB9krMG7qXbBQN9o9vEBa2O4=
-74,-20,kfBXQ54BSuZnUReVmwxZ8DiLpOQ=,zQ4cB9krMG7qXbBQN9o9vEBa2O4=
-71,-20,kfBXQ54BSuZnUReVmwxZ8DiLpOQ=,zQ4cB9krMG7qXbBQN9o9vEBa2O4=
-78,-20,kfBXQ54BSuZnUReVmwxZ8DiLpOQ=,zQ4cB9krMG7qXbBQN9o9vEBa2O4=
-77,-20,kfBXQ54BSuZnUReVmwxZ8DiLpOQ=,zQ4cB9krMG7qXbBQN9o9vEBa2O4=
-79,-20,kfBXQ54BSuZnUReVmwxZ8DiLpOQ=,zQ4cB9krMG7qXbBQN9o9vEBa2O4=
-80,-20,kfBXQ54BSuZnUReVmwxZ8DiLpOQ=,zQ4cB9krMG7qXbBQN9o9vEBa2O4=
-65,-21,kfBXQ54BSuZnUReVmwxZ8DiLpOQ=,zQ4cB9krMG7qXbBQN9o9vEBa2O4=
-66,-21,kfBXQ54BSuZnUReVmwxZ8DiLpOQ=,zQ4cB9krMG7qXbBQN9o9vEBa2O4=
-67,-21,kfBXQ54BSuZnUReVmwxZ8DiLpOQ=,zQ4cB9krMG7qXbBQN9o9vEBa2O4=
-68,-21,kfBXQ54BSuZnUReVmwxZ8DiLpOQ=,zQ4cB9krMG7qXbBQN9o9vEBa2O4=
-69,-21,kfBXQ54BSuZnUReVmwxZ8DiLpOQ=,zQ4cB9krMG7qXbBQN9o9vEBa2O4=
-71,-30,kfBXQ54BSuZnUReVmwxZ8DiLpOQ=,zQ4cB9krMG7qXbBQN9o9vEBa2O4=
-67,-32,kfBXQ54BSuZnUReVmwxZ8DiLpOQ=,zQ4cB9krMG7qXbBQN9o9vEBa2O4=
-70,-21,kfBXQ54BSuZnUReVmwxZ8DiLpOQ=,zQ4cB9krMG7qXbBQN9o9vEBa2O4=
-71,-21,kfBXQ54BSuZnUReVmwxZ8DiLpOQ=,zQ4cB9krMG7qXbBQN9o9vEBa2O4=
-72,-21,kfBXQ54BSuZnUReVmwxZ8DiLpOQ=,zQ4cB9krMG7qXbBQN9o9vEBa2O4=
-73,-20,kfBXQ54BSuZnUReVmwxZ8DiLpOQ=,zQ4cB9krMG7qXbBQN9o9vEBa2O4=
-71,-17,kfBXQ54BSuZnUReVmwxZ8DiLpOQ=,zQ4cB9krMG7qXbBQN9o9vEBa2O4=
-73,-21,kfBXQ54BSuZnUReVmwxZ8DiLpOQ=,zQ4cB9krMG7qXbBQN9o9vEBa2O4=
-78,-26,kfBXQ54BSuZnUReVmwxZ8DiLpOQ=,zQ4cB9krMG7qXbBQN9o9vEBa2O4=
-74,-21,kfBXQ54BSuZnUReVmwxZ8DiLpOQ=,zQ4cB9krMG7qXbBQN9o9vEBa2O4=
-72,-18,kfBXQ54BSuZnUReVmwxZ8DiLpOQ=,zQ4cB9krMG7qXbBQN9o9vEBa2O4=
-78,-21,kfBXQ54BSuZnUReVmwxZ8DiLpOQ=,zQ4cB9krMG7qXbBQN9o9vEBa2O4=
-79,-21,kfBXQ54BSuZnUReVmwxZ8DiLpOQ=,zQ4cB9krMG7qXbBQN9o9vEBa2O4=
-80,-21,kfBXQ54BSuZnUReVmwxZ8DiLpOQ=,zQ4cB9krMG7qXbBQN9o9vEBa2O4=
-65,-22,kfBXQ54BSuZnUReVmwxZ8DiLpOQ=,zQ4cB9krMG7qXbBQN9o9vEBa2O4=
-66,-22,kfBXQ54BSuZnUReVmwxZ8DiLpOQ=,zQ4cB9krMG7qXbBQN9o9vEBa2O4=
-67,-22,kfBXQ54BSuZnUReVmwxZ8DiLpOQ=,zQ4cB9krMG7qXbBQN9o9vEBa2O4=
-68,-22,kfBXQ54BSuZnUReVmwxZ8DiLpOQ=,zQ4cB9krMG7qXbBQN9o9vEBa2O4=
-69,-22,kfBXQ54BSuZnUReVmwxZ8DiLpOQ=,zQ4cB9krMG7qXbBQN9o9vEBa2O4=
-70,-22,kfBXQ54BSuZnUReVmwxZ8DiLpOQ=,zQ4cB9krMG7qXbBQN9o9vEBa2O4=
-68,-32,kfBXQ54BSuZnUReVmwxZ8DiLpOQ=,zQ4cB9krMG7qXbBQN9o9vEBa2O4=
-72,-30,kfBXQ54BSuZnUReVmwxZ8DiLpOQ=,zQ4cB9krMG7qXbBQN9o9vEBa2O4=
-71,-22,kfBXQ54BSuZnUReVmwxZ8DiLpOQ=,zQ4cB9krMG7qXbBQN9o9vEBa2O4=
-76,-20,kfBXQ54BSuZnUReVmwxZ8DiLpOQ=,zQ4cB9krMG7qXbBQN9o9vEBa2O4=
-73,-22,kfBXQ54BSuZnUReVmwxZ8DiLpOQ=,zQ4cB9krMG7qXbBQN9o9vEBa2O4=
-75,-21,kfBXQ54BSuZnUReVmwxZ8DiLpOQ=,zQ4cB9krMG7qXbBQN9o9vEBa2O4=
-72,-22,kfBXQ54BSuZnUReVmwxZ8DiLpOQ=,zQ4cB9krMG7qXbBQN9o9vEBa2O4=
-74,-22,kfBXQ54BSuZnUReVmwxZ8DiLpOQ=,zQ4cB9krMG7qXbBQN9o9vEBa2O4=
-77,-21,kfBXQ54BSuZnUReVmwxZ8DiLpOQ=,zQ4cB9krMG7qXbBQN9o9vEBa2O4=
-76,-21,kfBXQ54BSuZnUReVmwxZ8DiLpOQ=,zQ4cB9krMG7qXbBQN9o9vEBa2O4=
-79,-22,kfBXQ54BSuZnUReVmwxZ8DiLpOQ=,zQ4cB9krMG7qXbBQN9o9vEBa2O4=
-65,-23,kfBXQ54BSuZnUReVmwxZ8DiLpOQ=,zQ4cB9krMG7qXbBQN9o9vEBa2O4=
-80,-22,kfBXQ54BSuZnUReVmwxZ8DiLpOQ=,zQ4cB9krMG7qXbBQN9o9vEBa2O4=
-66,-23,kfBXQ54BSuZnUReVmwxZ8DiLpOQ=,zQ4cB9krMG7qXbBQN9o9vEBa2O4=
-67,-23,kfBXQ54BSuZnUReVmwxZ8DiLpOQ=,zQ4cB9krMG7qXbBQN9o9vEBa2O4=
-68,-23,kfBXQ54BSuZnUReVmwxZ8DiLpOQ=,zQ4cB9krMG7qXbBQN9o9vEBa2O4=
-69,-23,kfBXQ54BSuZnUReVmwxZ8DiLpOQ=,zQ4cB9krMG7qXbBQN9o9vEBa2O4=
-70,-23,kfBXQ54BSuZnUReVmwxZ8DiLpOQ=,zQ4cB9krMG7qXbBQN9o9vEBa2O4=
-71,-23,kfBXQ54BSuZnUReVmwxZ8DiLpOQ=,zQ4cB9krMG7qXbBQN9o9vEBa2O4=
-72,-23,kfBXQ54BSuZnUReVmwxZ8DiLpOQ=,zQ4cB9krMG7qXbBQN9o9vEBa2O4=
-73,-30,kfBXQ54BSuZnUReVmwxZ8DiLpOQ=,zQ4cB9krMG7qXbBQN9o9vEBa2O4=
-73,-23,kfBXQ54BSuZnUReVmwxZ8DiLpOQ=,zQ4cB9krMG7qXbBQN9o9vEBa2O4=
-69,-32,kfBXQ54BSuZnUReVmwxZ8DiLpOQ=,zQ4cB9krMG7qXbBQN9o9vEBa2O4=
-74,-23,kfBXQ54BSuZnUReVmwxZ8DiLpOQ=,zQ4cB9krMG7qXbBQN9o9vEBa2O4=
-77,-26,kfBXQ54BSuZnUReVmwxZ8DiLpOQ=,zQ4cB9krMG7qXbBQN9o9vEBa2O4=
-76,-26,kfBXQ54BSuZnUReVmwxZ8DiLpOQ=,zQ4cB9krMG7qXbBQN9o9vEBa2O4=
-75,-26,kfBXQ54BSuZnUReVmwxZ8DiLpOQ=,zQ4cB9krMG7qXbBQN9o9vEBa2O4=
-76,-30,kfBXQ54BSuZnUReVmwxZ8DiLpOQ=,zQ4cB9krMG7qXbBQN9o9vEBa2O4=
-72,-32,kfBXQ54BSuZnUReVmwxZ8DiLpOQ=,zQ4cB9krMG7qXbBQN9o9vEBa2O4=
-74,-26,kfBXQ54BSuZnUReVmwxZ8DiLpOQ=,zQ4cB9krMG7qXbBQN9o9vEBa2O4=
-72,-26,kfBXQ54BSuZnUReVmwxZ8DiLpOQ=,zQ4cB9krMG7qXbBQN9o9vEBa2O4=
-73,-26,kfBXQ54BSuZnUReVmwxZ8DiLpOQ=,zQ4cB9krMG7qXbBQN9o9vEBa2O4=
-70,-26,kfBXQ54BSuZnUReVmwxZ8DiLpOQ=,zQ4cB9krMG7qXbBQN9o9vEBa2O4=
-71,-26,kfBXQ54BSuZnUReVmwxZ8DiLpOQ=,zQ4cB9krMG7qXbBQN9o9vEBa2O4=
-69,-26,kfBXQ54BSuZnUReVmwxZ8DiLpOQ=,zQ4cB9krMG7qXbBQN9o9vEBa2O4=
-68,-26,kfBXQ54BSuZnUReVmwxZ8DiLpOQ=,zQ4cB9krMG7qXbBQN9o9vEBa2O4=
-67,-26,kfBXQ54BSuZnUReVmwxZ8DiLpOQ=,zQ4cB9krMG7qXbBQN9o9vEBa2O4=
-66,-26,kfBXQ54BSuZnUReVmwxZ8DiLpOQ=,zQ4cB9krMG7qXbBQN9o9vEBa2O4=
-65,-26,kfBXQ54BSuZnUReVmwxZ8DiLpOQ=,zQ4cB9krMG7qXbBQN9o9vEBa2O4=
-75,-23,kfBXQ54BSuZnUReVmwxZ8DiLpOQ=,zQ4cB9krMG7qXbBQN9o9vEBa2O4=
-75,-22,kfBXQ54BSuZnUReVmwxZ8DiLpOQ=,zQ4cB9krMG7qXbBQN9o9vEBa2O4=
-80,-25,kfBXQ54BSuZnUReVmwxZ8DiLpOQ=,zQ4cB9krMG7qXbBQN9o9vEBa2O4=
-76,-22,kfBXQ54BSuZnUReVmwxZ8DiLpOQ=,zQ4cB9krMG7qXbBQN9o9vEBa2O4=
-78,-23,kfBXQ54BSuZnUReVmwxZ8DiLpOQ=,zQ4cB9krMG7qXbBQN9o9vEBa2O4=
-80,-23,kfBXQ54BSuZnUReVmwxZ8DiLpOQ=,zQ4cB9krMG7qXbBQN9o9vEBa2O4=
-79,-23,kfBXQ54BSuZnUReVmwxZ8DiLpOQ=,zQ4cB9krMG7qXbBQN9o9vEBa2O4=
-65,-24,kfBXQ54BSuZnUReVmwxZ8DiLpOQ=,zQ4cB9krMG7qXbBQN9o9vEBa2O4=
-66,-24,kfBXQ54BSuZnUReVmwxZ8DiLpOQ=,zQ4cB9krMG7qXbBQN9o9vEBa2O4=
-68,-24,kfBXQ54BSuZnUReVmwxZ8DiLpOQ=,zQ4cB9krMG7qXbBQN9o9vEBa2O4=
-67,-24,kfBXQ54BSuZnUReVmwxZ8DiLpOQ=,zQ4cB9krMG7qXbBQN9o9vEBa2O4=
-69,-24,kfBXQ54BSuZnUReVmwxZ8DiLpOQ=,zQ4cB9krMG7qXbBQN9o9vEBa2O4=
-70,-24,kfBXQ54BSuZnUReVmwxZ8DiLpOQ=,zQ4cB9krMG7qXbBQN9o9vEBa2O4=
-71,-24,kfBXQ54BSuZnUReVmwxZ8DiLpOQ=,zQ4cB9krMG7qXbBQN9o9vEBa2O4=
-72,-24,kfBXQ54BSuZnUReVmwxZ8DiLpOQ=,zQ4cB9krMG7qXbBQN9o9vEBa2O4=
-70,-32,kfBXQ54BSuZnUReVmwxZ8DiLpOQ=,zQ4cB9krMG7qXbBQN9o9vEBa2O4=
-74,-30,kfBXQ54BSuZnUReVmwxZ8DiLpOQ=,zQ4cB9krMG7qXbBQN9o9vEBa2O4=
-73,-24,kfBXQ54BSuZnUReVmwxZ8DiLpOQ=,zQ4cB9krMG7qXbBQN9o9vEBa2O4=
-75,-24,kfBXQ54BSuZnUReVmwxZ8DiLpOQ=,zQ4cB9krMG7qXbBQN9o9vEBa2O4=
-77,-23,kfBXQ54BSuZnUReVmwxZ8DiLpOQ=,zQ4cB9krMG7qXbBQN9o9vEBa2O4=
-74,-24,kfBXQ54BSuZnUReVmwxZ8DiLpOQ=,zQ4cB9krMG7qXbBQN9o9vEBa2O4=
-79,-25,kfBXQ54BSuZnUReVmwxZ8DiLpOQ=,zQ4cB9krMG7qXbBQN9o9vEBa2O4=
-76,-24,kfBXQ54BSuZnUReVmwxZ8DiLpOQ=,zQ4cB9krMG7qXbBQN9o9vEBa2O4=
-77,-22,kfBXQ54BSuZnUReVmwxZ8DiLpOQ=,zQ4cB9krMG7qXbBQN9o9vEBa2O4=
-76,-23,kfBXQ54BSuZnUReVmwxZ8DiLpOQ=,zQ4cB9krMG7qXbBQN9o9vEBa2O4=
-80,-24,kfBXQ54BSuZnUReVmwxZ8DiLpOQ=,zQ4cB9krMG7qXbBQN9o9vEBa2O4=
-65,-25,kfBXQ54BSuZnUReVmwxZ8DiLpOQ=,zQ4cB9krMG7qXbBQN9o9vEBa2O4=
-66,-25,kfBXQ54BSuZnUReVmwxZ8DiLpOQ=,zQ4cB9krMG7qXbBQN9o9vEBa2O4=
-67,-25,kfBXQ54BSuZnUReVmwxZ8DiLpOQ=,zQ4cB9krMG7qXbBQN9o9vEBa2O4=
-69,-25,kfBXQ54BSuZnUReVmwxZ8DiLpOQ=,zQ4cB9krMG7qXbBQN9o9vEBa2O4=
-68,-25,kfBXQ54BSuZnUReVmwxZ8DiLpOQ=,zQ4cB9krMG7qXbBQN9o9vEBa2O4=
-70,-25,kfBXQ54BSuZnUReVmwxZ8DiLpOQ=,zQ4cB9krMG7qXbBQN9o9vEBa2O4=
-71,-25,kfBXQ54BSuZnUReVmwxZ8DiLpOQ=,zQ4cB9krMG7qXbBQN9o9vEBa2O4=
-72,-25,kfBXQ54BSuZnUReVmwxZ8DiLpOQ=,zQ4cB9krMG7qXbBQN9o9vEBa2O4=
-71,-32,kfBXQ54BSuZnUReVmwxZ8DiLpOQ=,zQ4cB9krMG7qXbBQN9o9vEBa2O4=
-75,-30,kfBXQ54BSuZnUReVmwxZ8DiLpOQ=,zQ4cB9krMG7qXbBQN9o9vEBa2O4=
-73,-25,kfBXQ54BSuZnUReVmwxZ8DiLpOQ=,zQ4cB9krMG7qXbBQN9o9vEBa2O4=
-74,-25,kfBXQ54BSuZnUReVmwxZ8DiLpOQ=,zQ4cB9krMG7qXbBQN9o9vEBa2O4=
-75,-25,kfBXQ54BSuZnUReVmwxZ8DiLpOQ=,zQ4cB9krMG7qXbBQN9o9vEBa2O4=
-76,-25,kfBXQ54BSuZnUReVmwxZ8DiLpOQ=,zQ4cB9krMG7qXbBQN9o9vEBa2O4=
-77,-24,kfBXQ54BSuZnUReVmwxZ8DiLpOQ=,zQ4cB9krMG7qXbBQN9o9vEBa2O4=
-78,-24,kfBXQ54BSuZnUReVmwxZ8DiLpOQ=,zQ4cB9krMG7qXbBQN9o9vEBa2O4=
-78,-22,kfBXQ54BSuZnUReVmwxZ8DiLpOQ=,zQ4cB9krMG7qXbBQN9o9vEBa2O4=
-78,-25,kfBXQ54BSuZnUReVmwxZ8DiLpOQ=,zQ4cB9krMG7qXbBQN9o9vEBa2O4=
-77,-25,kfBXQ54BSuZnUReVmwxZ8DiLpOQ=,zQ4cB9krMG7qXbBQN9o9vEBa2O4=
-79,-24,kfBXQ54BSuZnUReVmwxZ8DiLpOQ=,zQ4cB9krMG7qXbBQN9o9vEBa2O4=
-93,-32,Nm/MIH6oIPHH6hQdlhZtooWGix4=,8FpXi6ftnkvDHGKrIZDvQcCH7Dg=
-83,-30,Nm/MIH6oIPHH6hQdlhZtooWGix4=,8FpXi6ftnkvDHGKrIZDvQcCH7Dg=
-81,-31,Nm/MIH6oIPHH6hQdlhZtooWGix4=,8FpXi6ftnkvDHGKrIZDvQcCH7Dg=
-84,-30,Nm/MIH6oIPHH6hQdlhZtooWGix4=,8FpXi6ftnkvDHGKrIZDvQcCH7Dg=
-81,-17,Nm/MIH6oIPHH6hQdlhZtooWGix4=,8FpXi6ftnkvDHGKrIZDvQcCH7Dg=
-85,-30,Nm/MIH6oIPHH6hQdlhZtooWGix4=,8FpXi6ftnkvDHGKrIZDvQcCH7Dg=
-86,-30,Nm/MIH6oIPHH6hQdlhZtooWGix4=,8FpXi6ftnkvDHGKrIZDvQcCH7Dg=
-87,-30,Nm/MIH6oIPHH6hQdlhZtooWGix4=,8FpXi6ftnkvDHGKrIZDvQcCH7Dg=
-88,-30,Nm/MIH6oIPHH6hQdlhZtooWGix4=,8FpXi6ftnkvDHGKrIZDvQcCH7Dg=
-89,-30,Nm/MIH6oIPHH6hQdlhZtooWGix4=,8FpXi6ftnkvDHGKrIZDvQcCH7Dg=
-90,-30,Nm/MIH6oIPHH6hQdlhZtooWGix4=,8FpXi6ftnkvDHGKrIZDvQcCH7Dg=
-91,-30,Nm/MIH6oIPHH6hQdlhZtooWGix4=,8FpXi6ftnkvDHGKrIZDvQcCH7Dg=
-93,-30,Nm/MIH6oIPHH6hQdlhZtooWGix4=,8FpXi6ftnkvDHGKrIZDvQcCH7Dg=
-94,-30,Nm/MIH6oIPHH6hQdlhZtooWGix4=,8FpXi6ftnkvDHGKrIZDvQcCH7Dg=
-95,-30,Nm/MIH6oIPHH6hQdlhZtooWGix4=,8FpXi6ftnkvDHGKrIZDvQcCH7Dg=
-85,-29,Nm/MIH6oIPHH6hQdlhZtooWGix4=,8FpXi6ftnkvDHGKrIZDvQcCH7Dg=
-96,-30,Nm/MIH6oIPHH6hQdlhZtooWGix4=,8FpXi6ftnkvDHGKrIZDvQcCH7Dg=
-83,-17,Nm/MIH6oIPHH6hQdlhZtooWGix4=,8FpXi6ftnkvDHGKrIZDvQcCH7Dg=
-84,-17,Nm/MIH6oIPHH6hQdlhZtooWGix4=,8FpXi6ftnkvDHGKrIZDvQcCH7Dg=
-82,-17,Nm/MIH6oIPHH6hQdlhZtooWGix4=,8FpXi6ftnkvDHGKrIZDvQcCH7Dg=
-84,-29,Nm/MIH6oIPHH6hQdlhZtooWGix4=,8FpXi6ftnkvDHGKrIZDvQcCH7Dg=
-85,-17,Nm/MIH6oIPHH6hQdlhZtooWGix4=,8FpXi6ftnkvDHGKrIZDvQcCH7Dg=
-86,-17,Nm/MIH6oIPHH6hQdlhZtooWGix4=,8FpXi6ftnkvDHGKrIZDvQcCH7Dg=
-82,-30,Nm/MIH6oIPHH6hQdlhZtooWGix4=,8FpXi6ftnkvDHGKrIZDvQcCH7Dg=
-94,-32,Nm/MIH6oIPHH6hQdlhZtooWGix4=,8FpXi6ftnkvDHGKrIZDvQcCH7Dg=
-87,-17,Nm/MIH6oIPHH6hQdlhZtooWGix4=,8FpXi6ftnkvDHGKrIZDvQcCH7Dg=
-92,-32,Nm/MIH6oIPHH6hQdlhZtooWGix4=,8FpXi6ftnkvDHGKrIZDvQcCH7Dg=
-88,-17,Nm/MIH6oIPHH6hQdlhZtooWGix4=,8FpXi6ftnkvDHGKrIZDvQcCH7Dg=
-83,-29,Nm/MIH6oIPHH6hQdlhZtooWGix4=,8FpXi6ftnkvDHGKrIZDvQcCH7Dg=
-92,-30,Nm/MIH6oIPHH6hQdlhZtooWGix4=,8FpXi6ftnkvDHGKrIZDvQcCH7Dg=
-89,-17,Nm/MIH6oIPHH6hQdlhZtooWGix4=,8FpXi6ftnkvDHGKrIZDvQcCH7Dg=
-82,-29,Nm/MIH6oIPHH6hQdlhZtooWGix4=,8FpXi6ftnkvDHGKrIZDvQcCH7Dg=
-90,-17,Nm/MIH6oIPHH6hQdlhZtooWGix4=,8FpXi6ftnkvDHGKrIZDvQcCH7Dg=
-92,-17,Nm/MIH6oIPHH6hQdlhZtooWGix4=,8FpXi6ftnkvDHGKrIZDvQcCH7Dg=
-91,-32,Nm/MIH6oIPHH6hQdlhZtooWGix4=,8FpXi6ftnkvDHGKrIZDvQcCH7Dg=
-91,-17,Nm/MIH6oIPHH6hQdlhZtooWGix4=,8FpXi6ftnkvDHGKrIZDvQcCH7Dg=
-81,-29,Nm/MIH6oIPHH6hQdlhZtooWGix4=,8FpXi6ftnkvDHGKrIZDvQcCH7Dg=
-94,-17,Nm/MIH6oIPHH6hQdlhZtooWGix4=,8FpXi6ftnkvDHGKrIZDvQcCH7Dg=
-95,-17,Nm/MIH6oIPHH6hQdlhZtooWGix4=,8FpXi6ftnkvDHGKrIZDvQcCH7Dg=
-96,-32,Nm/MIH6oIPHH6hQdlhZtooWGix4=,8FpXi6ftnkvDHGKrIZDvQcCH7Dg=
-82,-31,Nm/MIH6oIPHH6hQdlhZtooWGix4=,8FpXi6ftnkvDHGKrIZDvQcCH7Dg=
-94,-31,Nm/MIH6oIPHH6hQdlhZtooWGix4=,8FpXi6ftnkvDHGKrIZDvQcCH7Dg=
-96,-17,Nm/MIH6oIPHH6hQdlhZtooWGix4=,8FpXi6ftnkvDHGKrIZDvQcCH7Dg=
-81,-18,Nm/MIH6oIPHH6hQdlhZtooWGix4=,8FpXi6ftnkvDHGKrIZDvQcCH7Dg=
-96,-28,Nm/MIH6oIPHH6hQdlhZtooWGix4=,8FpXi6ftnkvDHGKrIZDvQcCH7Dg=
-82,-18,Nm/MIH6oIPHH6hQdlhZtooWGix4=,8FpXi6ftnkvDHGKrIZDvQcCH7Dg=
-83,-18,Nm/MIH6oIPHH6hQdlhZtooWGix4=,8FpXi6ftnkvDHGKrIZDvQcCH7Dg=
-95,-28,Nm/MIH6oIPHH6hQdlhZtooWGix4=,8FpXi6ftnkvDHGKrIZDvQcCH7Dg=
-86,-29,Nm/MIH6oIPHH6hQdlhZtooWGix4=,8FpXi6ftnkvDHGKrIZDvQcCH7Dg=
-84,-18,Nm/MIH6oIPHH6hQdlhZtooWGix4=,8FpXi6ftnkvDHGKrIZDvQcCH7Dg=
-94,-28,Nm/MIH6oIPHH6hQdlhZtooWGix4=,8FpXi6ftnkvDHGKrIZDvQcCH7Dg=
-93,-17,Nm/MIH6oIPHH6hQdlhZtooWGix4=,8FpXi6ftnkvDHGKrIZDvQcCH7Dg=
-93,-28,Nm/MIH6oIPHH6hQdlhZtooWGix4=,8FpXi6ftnkvDHGKrIZDvQcCH7Dg=
-86,-18,Nm/MIH6oIPHH6hQdlhZtooWGix4=,8FpXi6ftnkvDHGKrIZDvQcCH7Dg=
-87,-18,Nm/MIH6oIPHH6hQdlhZtooWGix4=,8FpXi6ftnkvDHGKrIZDvQcCH7Dg=
-85,-18,Nm/MIH6oIPHH6hQdlhZtooWGix4=,8FpXi6ftnkvDHGKrIZDvQcCH7Dg=
-92,-28,Nm/MIH6oIPHH6hQdlhZtooWGix4=,8FpXi6ftnkvDHGKrIZDvQcCH7Dg=
-90,-18,Nm/MIH6oIPHH6hQdlhZtooWGix4=,8FpXi6ftnkvDHGKrIZDvQcCH7Dg=
-89,-18,Nm/MIH6oIPHH6hQdlhZtooWGix4=,8FpXi6ftnkvDHGKrIZDvQcCH7Dg=
-91,-28,Nm/MIH6oIPHH6hQdlhZtooWGix4=,8FpXi6ftnkvDHGKrIZDvQcCH7Dg=
-91,-18,Nm/MIH6oIPHH6hQdlhZtooWGix4=,8FpXi6ftnkvDHGKrIZDvQcCH7Dg=
-92,-18,Nm/MIH6oIPHH6hQdlhZtooWGix4=,8FpXi6ftnkvDHGKrIZDvQcCH7Dg=
-90,-28,Nm/MIH6oIPHH6hQdlhZtooWGix4=,8FpXi6ftnkvDHGKrIZDvQcCH7Dg=
-89,-28,Nm/MIH6oIPHH6hQdlhZtooWGix4=,8FpXi6ftnkvDHGKrIZDvQcCH7Dg=
-95,-31,Nm/MIH6oIPHH6hQdlhZtooWGix4=,8FpXi6ftnkvDHGKrIZDvQcCH7Dg=
-88,-18,Nm/MIH6oIPHH6hQdlhZtooWGix4=,8FpXi6ftnkvDHGKrIZDvQcCH7Dg=
-95,-18,Nm/MIH6oIPHH6hQdlhZtooWGix4=,8FpXi6ftnkvDHGKrIZDvQcCH7Dg=
-93,-18,Nm/MIH6oIPHH6hQdlhZtooWGix4=,8FpXi6ftnkvDHGKrIZDvQcCH7Dg=
-88,-28,Nm/MIH6oIPHH6hQdlhZtooWGix4=,8FpXi6ftnkvDHGKrIZDvQcCH7Dg=
-87,-29,Nm/MIH6oIPHH6hQdlhZtooWGix4=,8FpXi6ftnkvDHGKrIZDvQcCH7Dg=
-96,-18,Nm/MIH6oIPHH6hQdlhZtooWGix4=,8FpXi6ftnkvDHGKrIZDvQcCH7Dg=
-87,-28,Nm/MIH6oIPHH6hQdlhZtooWGix4=,8FpXi6ftnkvDHGKrIZDvQcCH7Dg=
-95,-32,Nm/MIH6oIPHH6hQdlhZtooWGix4=,8FpXi6ftnkvDHGKrIZDvQcCH7Dg=
-86,-28,Nm/MIH6oIPHH6hQdlhZtooWGix4=,8FpXi6ftnkvDHGKrIZDvQcCH7Dg=
-81,-19,Nm/MIH6oIPHH6hQdlhZtooWGix4=,8FpXi6ftnkvDHGKrIZDvQcCH7Dg=
-83,-19,Nm/MIH6oIPHH6hQdlhZtooWGix4=,8FpXi6ftnkvDHGKrIZDvQcCH7Dg=
-85,-28,Nm/MIH6oIPHH6hQdlhZtooWGix4=,8FpXi6ftnkvDHGKrIZDvQcCH7Dg=
-82,-19,Nm/MIH6oIPHH6hQdlhZtooWGix4=,8FpXi6ftnkvDHGKrIZDvQcCH7Dg=
-81,-30,Nm/MIH6oIPHH6hQdlhZtooWGix4=,8FpXi6ftnkvDHGKrIZDvQcCH7Dg=
-86,-19,Nm/MIH6oIPHH6hQdlhZtooWGix4=,8FpXi6ftnkvDHGKrIZDvQcCH7Dg=
-90,-32,Nm/MIH6oIPHH6hQdlhZtooWGix4=,8FpXi6ftnkvDHGKrIZDvQcCH7Dg=
-85,-19,Nm/MIH6oIPHH6hQdlhZtooWGix4=,8FpXi6ftnkvDHGKrIZDvQcCH7Dg=
-84,-28,Nm/MIH6oIPHH6hQdlhZtooWGix4=,8FpXi6ftnkvDHGKrIZDvQcCH7Dg=
-87,-19,Nm/MIH6oIPHH6hQdlhZtooWGix4=,8FpXi6ftnkvDHGKrIZDvQcCH7Dg=
-83,-28,Nm/MIH6oIPHH6hQdlhZtooWGix4=,8FpXi6ftnkvDHGKrIZDvQcCH7Dg=
-84,-19,Nm/MIH6oIPHH6hQdlhZtooWGix4=,8FpXi6ftnkvDHGKrIZDvQcCH7Dg=
-89,-19,Nm/MIH6oIPHH6hQdlhZtooWGix4=,8FpXi6ftnkvDHGKrIZDvQcCH7Dg=
-82,-28,Nm/MIH6oIPHH6hQdlhZtooWGix4=,8FpXi6ftnkvDHGKrIZDvQcCH7Dg=
-90,-19,Nm/MIH6oIPHH6hQdlhZtooWGix4=,8FpXi6ftnkvDHGKrIZDvQcCH7Dg=
-88,-19,Nm/MIH6oIPHH6hQdlhZtooWGix4=,8FpXi6ftnkvDHGKrIZDvQcCH7Dg=
-94,-18,Nm/MIH6oIPHH6hQdlhZtooWGix4=,8FpXi6ftnkvDHGKrIZDvQcCH7Dg=
-92,-19,Nm/MIH6oIPHH6hQdlhZtooWGix4=,8FpXi6ftnkvDHGKrIZDvQcCH7Dg=
-91,-19,Nm/MIH6oIPHH6hQdlhZtooWGix4=,8FpXi6ftnkvDHGKrIZDvQcCH7Dg=
-93,-19,Nm/MIH6oIPHH6hQdlhZtooWGix4=,8FpXi6ftnkvDHGKrIZDvQcCH7Dg=
-81,-32,Nm/MIH6oIPHH6hQdlhZtooWGix4=,8FpXi6ftnkvDHGKrIZDvQcCH7Dg=
-88,-29,Nm/MIH6oIPHH6hQdlhZtooWGix4=,8FpXi6ftnkvDHGKrIZDvQcCH7Dg=
-83,-31,Nm/MIH6oIPHH6hQdlhZtooWGix4=,8FpXi6ftnkvDHGKrIZDvQcCH7Dg=
-93,-31,Nm/MIH6oIPHH6hQdlhZtooWGix4=,8FpXi6ftnkvDHGKrIZDvQcCH7Dg=
-81,-28,Nm/MIH6oIPHH6hQdlhZtooWGix4=,8FpXi6ftnkvDHGKrIZDvQcCH7Dg=
-84,-31,Nm/MIH6oIPHH6hQdlhZtooWGix4=,8FpXi6ftnkvDHGKrIZDvQcCH7Dg=
-94,-19,Nm/MIH6oIPHH6hQdlhZtooWGix4=,8FpXi6ftnkvDHGKrIZDvQcCH7Dg=
-95,-19,Nm/MIH6oIPHH6hQdlhZtooWGix4=,8FpXi6ftnkvDHGKrIZDvQcCH7Dg=
-81,-20,Nm/MIH6oIPHH6hQdlhZtooWGix4=,8FpXi6ftnkvDHGKrIZDvQcCH7Dg=
-84,-20,Nm/MIH6oIPHH6hQdlhZtooWGix4=,8FpXi6ftnkvDHGKrIZDvQcCH7Dg=
-96,-27,Nm/MIH6oIPHH6hQdlhZtooWGix4=,8FpXi6ftnkvDHGKrIZDvQcCH7Dg=
-96,-19,Nm/MIH6oIPHH6hQdlhZtooWGix4=,8FpXi6ftnkvDHGKrIZDvQcCH7Dg=
-85,-20,Nm/MIH6oIPHH6hQdlhZtooWGix4=,8FpXi6ftnkvDHGKrIZDvQcCH7Dg=
-83,-20,Nm/MIH6oIPHH6hQdlhZtooWGix4=,8FpXi6ftnkvDHGKrIZDvQcCH7Dg=
-95,-27,Nm/MIH6oIPHH6hQdlhZtooWGix4=,8FpXi6ftnkvDHGKrIZDvQcCH7Dg=
-87,-20,Nm/MIH6oIPHH6hQdlhZtooWGix4=,8FpXi6ftnkvDHGKrIZDvQcCH7Dg=
-88,-20,Nm/MIH6oIPHH6hQdlhZtooWGix4=,8FpXi6ftnkvDHGKrIZDvQcCH7Dg=
-86,-20,Nm/MIH6oIPHH6hQdlhZtooWGix4=,8FpXi6ftnkvDHGKrIZDvQcCH7Dg=
-89,-20,Nm/MIH6oIPHH6hQdlhZtooWGix4=,8FpXi6ftnkvDHGKrIZDvQcCH7Dg=
-91,-20,Nm/MIH6oIPHH6hQdlhZtooWGix4=,8FpXi6ftnkvDHGKrIZDvQcCH7Dg=
-92,-20,Nm/MIH6oIPHH6hQdlhZtooWGix4=,8FpXi6ftnkvDHGKrIZDvQcCH7Dg=
-82,-32,Nm/MIH6oIPHH6hQdlhZtooWGix4=,8FpXi6ftnkvDHGKrIZDvQcCH7Dg=
-94,-27,Nm/MIH6oIPHH6hQdlhZtooWGix4=,8FpXi6ftnkvDHGKrIZDvQcCH7Dg=
-89,-29,Nm/MIH6oIPHH6hQdlhZtooWGix4=,8FpXi6ftnkvDHGKrIZDvQcCH7Dg=
-93,-20,Nm/MIH6oIPHH6hQdlhZtooWGix4=,8FpXi6ftnkvDHGKrIZDvQcCH7Dg=
-93,-27,Nm/MIH6oIPHH6hQdlhZtooWGix4=,8FpXi6ftnkvDHGKrIZDvQcCH7Dg=
-95,-20,Nm/MIH6oIPHH6hQdlhZtooWGix4=,8FpXi6ftnkvDHGKrIZDvQcCH7Dg=
-85,-31,Nm/MIH6oIPHH6hQdlhZtooWGix4=,8FpXi6ftnkvDHGKrIZDvQcCH7Dg=
-94,-20,Nm/MIH6oIPHH6hQdlhZtooWGix4=,8FpXi6ftnkvDHGKrIZDvQcCH7Dg=
-82,-21,Nm/MIH6oIPHH6hQdlhZtooWGix4=,8FpXi6ftnkvDHGKrIZDvQcCH7Dg=
-81,-21,Nm/MIH6oIPHH6hQdlhZtooWGix4=,8FpXi6ftnkvDHGKrIZDvQcCH7Dg=
-92,-27,Nm/MIH6oIPHH6hQdlhZtooWGix4=,8FpXi6ftnkvDHGKrIZDvQcCH7Dg=
-84,-21,Nm/MIH6oIPHH6hQdlhZtooWGix4=,8FpXi6ftnkvDHGKrIZDvQcCH7Dg=
-83,-21,Nm/MIH6oIPHH6hQdlhZtooWGix4=,8FpXi6ftnkvDHGKrIZDvQcCH7Dg=
-96,-20,Nm/MIH6oIPHH6hQdlhZtooWGix4=,8FpXi6ftnkvDHGKrIZDvQcCH7Dg=
-85,-21,Nm/MIH6oIPHH6hQdlhZtooWGix4=,8FpXi6ftnkvDHGKrIZDvQcCH7Dg=
-86,-21,Nm/MIH6oIPHH6hQdlhZtooWGix4=,8FpXi6ftnkvDHGKrIZDvQcCH7Dg=
-87,-21,Nm/MIH6oIPHH6hQdlhZtooWGix4=,8FpXi6ftnkvDHGKrIZDvQcCH7Dg=
-88,-21,Nm/MIH6oIPHH6hQdlhZtooWGix4=,8FpXi6ftnkvDHGKrIZDvQcCH7Dg=
-90,-20,Nm/MIH6oIPHH6hQdlhZtooWGix4=,8FpXi6ftnkvDHGKrIZDvQcCH7Dg=
-90,-21,Nm/MIH6oIPHH6hQdlhZtooWGix4=,8FpXi6ftnkvDHGKrIZDvQcCH7Dg=
-91,-27,Nm/MIH6oIPHH6hQdlhZtooWGix4=,8FpXi6ftnkvDHGKrIZDvQcCH7Dg=
-91,-21,Nm/MIH6oIPHH6hQdlhZtooWGix4=,8FpXi6ftnkvDHGKrIZDvQcCH7Dg=
-90,-29,Nm/MIH6oIPHH6hQdlhZtooWGix4=,8FpXi6ftnkvDHGKrIZDvQcCH7Dg=
-89,-21,Nm/MIH6oIPHH6hQdlhZtooWGix4=,8FpXi6ftnkvDHGKrIZDvQcCH7Dg=
-92,-21,Nm/MIH6oIPHH6hQdlhZtooWGix4=,8FpXi6ftnkvDHGKrIZDvQcCH7Dg=
-90,-27,Nm/MIH6oIPHH6hQdlhZtooWGix4=,8FpXi6ftnkvDHGKrIZDvQcCH7Dg=
-93,-21,Nm/MIH6oIPHH6hQdlhZtooWGix4=,8FpXi6ftnkvDHGKrIZDvQcCH7Dg=
-94,-21,Nm/MIH6oIPHH6hQdlhZtooWGix4=,8FpXi6ftnkvDHGKrIZDvQcCH7Dg=
-86,-31,Nm/MIH6oIPHH6hQdlhZtooWGix4=,8FpXi6ftnkvDHGKrIZDvQcCH7Dg=
-89,-27,Nm/MIH6oIPHH6hQdlhZtooWGix4=,8FpXi6ftnkvDHGKrIZDvQcCH7Dg=
-95,-21,Nm/MIH6oIPHH6hQdlhZtooWGix4=,8FpXi6ftnkvDHGKrIZDvQcCH7Dg=
-83,-32,Nm/MIH6oIPHH6hQdlhZtooWGix4=,8FpXi6ftnkvDHGKrIZDvQcCH7Dg=
-81,-22,Nm/MIH6oIPHH6hQdlhZtooWGix4=,8FpXi6ftnkvDHGKrIZDvQcCH7Dg=
-82,-22,Nm/MIH6oIPHH6hQdlhZtooWGix4=,8FpXi6ftnkvDHGKrIZDvQcCH7Dg=
-88,-27,Nm/MIH6oIPHH6hQdlhZtooWGix4=,8FpXi6ftnkvDHGKrIZDvQcCH7Dg=
-96,-21,Nm/MIH6oIPHH6hQdlhZtooWGix4=,8FpXi6ftnkvDHGKrIZDvQcCH7Dg=
-87,-27,Nm/MIH6oIPHH6hQdlhZtooWGix4=,8FpXi6ftnkvDHGKrIZDvQcCH7Dg=
-83,-22,Nm/MIH6oIPHH6hQdlhZtooWGix4=,8FpXi6ftnkvDHGKrIZDvQcCH7Dg=
-84,-22,Nm/MIH6oIPHH6hQdlhZtooWGix4=,8FpXi6ftnkvDHGKrIZDvQcCH7Dg=
-85,-22,Nm/MIH6oIPHH6hQdlhZtooWGix4=,8FpXi6ftnkvDHGKrIZDvQcCH7Dg=
-87,-22,Nm/MIH6oIPHH6hQdlhZtooWGix4=,8FpXi6ftnkvDHGKrIZDvQcCH7Dg=
-86,-27,Nm/MIH6oIPHH6hQdlhZtooWGix4=,8FpXi6ftnkvDHGKrIZDvQcCH7Dg=
-90,-22,Nm/MIH6oIPHH6hQdlhZtooWGix4=,8FpXi6ftnkvDHGKrIZDvQcCH7Dg=
-89,-22,Nm/MIH6oIPHH6hQdlhZtooWGix4=,8FpXi6ftnkvDHGKrIZDvQcCH7Dg=
-88,-22,Nm/MIH6oIPHH6hQdlhZtooWGix4=,8FpXi6ftnkvDHGKrIZDvQcCH7Dg=
-84,-32,Nm/MIH6oIPHH6hQdlhZtooWGix4=,8FpXi6ftnkvDHGKrIZDvQcCH7Dg=
-92,-31,Nm/MIH6oIPHH6hQdlhZtooWGix4=,8FpXi6ftnkvDHGKrIZDvQcCH7Dg=
-92,-22,Nm/MIH6oIPHH6hQdlhZtooWGix4=,8FpXi6ftnkvDHGKrIZDvQcCH7Dg=
-91,-22,Nm/MIH6oIPHH6hQdlhZtooWGix4=,8FpXi6ftnkvDHGKrIZDvQcCH7Dg=
-86,-22,Nm/MIH6oIPHH6hQdlhZtooWGix4=,8FpXi6ftnkvDHGKrIZDvQcCH7Dg=
-93,-22,Nm/MIH6oIPHH6hQdlhZtooWGix4=,8FpXi6ftnkvDHGKrIZDvQcCH7Dg=
-94,-22,Nm/MIH6oIPHH6hQdlhZtooWGix4=,8FpXi6ftnkvDHGKrIZDvQcCH7Dg=
-95,-22,Nm/MIH6oIPHH6hQdlhZtooWGix4=,8FpXi6ftnkvDHGKrIZDvQcCH7Dg=
-91,-29,Nm/MIH6oIPHH6hQdlhZtooWGix4=,8FpXi6ftnkvDHGKrIZDvQcCH7Dg=
-96,-29,Nm/MIH6oIPHH6hQdlhZtooWGix4=,8FpXi6ftnkvDHGKrIZDvQcCH7Dg=
-87,-31,Nm/MIH6oIPHH6hQdlhZtooWGix4=,8FpXi6ftnkvDHGKrIZDvQcCH7Dg=
-96,-22,Nm/MIH6oIPHH6hQdlhZtooWGix4=,8FpXi6ftnkvDHGKrIZDvQcCH7Dg=
-84,-23,Nm/MIH6oIPHH6hQdlhZtooWGix4=,8FpXi6ftnkvDHGKrIZDvQcCH7Dg=
-89,-32,Nm/MIH6oIPHH6hQdlhZtooWGix4=,8FpXi6ftnkvDHGKrIZDvQcCH7Dg=
-83,-23,Nm/MIH6oIPHH6hQdlhZtooWGix4=,8FpXi6ftnkvDHGKrIZDvQcCH7Dg=
-85,-23,Nm/MIH6oIPHH6hQdlhZtooWGix4=,8FpXi6ftnkvDHGKrIZDvQcCH7Dg=
-85,-27,Nm/MIH6oIPHH6hQdlhZtooWGix4=,8FpXi6ftnkvDHGKrIZDvQcCH7Dg=
-87,-23,Nm/MIH6oIPHH6hQdlhZtooWGix4=,8FpXi6ftnkvDHGKrIZDvQcCH7Dg=
-86,-23,Nm/MIH6oIPHH6hQdlhZtooWGix4=,8FpXi6ftnkvDHGKrIZDvQcCH7Dg=
-88,-23,Nm/MIH6oIPHH6hQdlhZtooWGix4=,8FpXi6ftnkvDHGKrIZDvQcCH7Dg=
-84,-27,Nm/MIH6oIPHH6hQdlhZtooWGix4=,8FpXi6ftnkvDHGKrIZDvQcCH7Dg=
-85,-32,Nm/MIH6oIPHH6hQdlhZtooWGix4=,8FpXi6ftnkvDHGKrIZDvQcCH7Dg=
-92,-29,Nm/MIH6oIPHH6hQdlhZtooWGix4=,8FpXi6ftnkvDHGKrIZDvQcCH7Dg=
-83,-27,Nm/MIH6oIPHH6hQdlhZtooWGix4=,8FpXi6ftnkvDHGKrIZDvQcCH7Dg=
-89,-23,Nm/MIH6oIPHH6hQdlhZtooWGix4=,8FpXi6ftnkvDHGKrIZDvQcCH7Dg=
-91,-23,Nm/MIH6oIPHH6hQdlhZtooWGix4=,8FpXi6ftnkvDHGKrIZDvQcCH7Dg=
-90,-23,Nm/MIH6oIPHH6hQdlhZtooWGix4=,8FpXi6ftnkvDHGKrIZDvQcCH7Dg=
-92,-23,Nm/MIH6oIPHH6hQdlhZtooWGix4=,8FpXi6ftnkvDHGKrIZDvQcCH7Dg=
-82,-27,Nm/MIH6oIPHH6hQdlhZtooWGix4=,8FpXi6ftnkvDHGKrIZDvQcCH7Dg=
-93,-23,Nm/MIH6oIPHH6hQdlhZtooWGix4=,8FpXi6ftnkvDHGKrIZDvQcCH7Dg=
-81,-27,Nm/MIH6oIPHH6hQdlhZtooWGix4=,8FpXi6ftnkvDHGKrIZDvQcCH7Dg=
-96,-26,Nm/MIH6oIPHH6hQdlhZtooWGix4=,8FpXi6ftnkvDHGKrIZDvQcCH7Dg=
-95,-23,Nm/MIH6oIPHH6hQdlhZtooWGix4=,8FpXi6ftnkvDHGKrIZDvQcCH7Dg=
-94,-23,Nm/MIH6oIPHH6hQdlhZtooWGix4=,8FpXi6ftnkvDHGKrIZDvQcCH7Dg=
-88,-31,Nm/MIH6oIPHH6hQdlhZtooWGix4=,8FpXi6ftnkvDHGKrIZDvQcCH7Dg=
-96,-23,Nm/MIH6oIPHH6hQdlhZtooWGix4=,8FpXi6ftnkvDHGKrIZDvQcCH7Dg=
-95,-26,Nm/MIH6oIPHH6hQdlhZtooWGix4=,8FpXi6ftnkvDHGKrIZDvQcCH7Dg=
-91,-31,Nm/MIH6oIPHH6hQdlhZtooWGix4=,8FpXi6ftnkvDHGKrIZDvQcCH7Dg=
-83,-24,Nm/MIH6oIPHH6hQdlhZtooWGix4=,8FpXi6ftnkvDHGKrIZDvQcCH7Dg=
-84,-24,Nm/MIH6oIPHH6hQdlhZtooWGix4=,8FpXi6ftnkvDHGKrIZDvQcCH7Dg=
-85,-24,Nm/MIH6oIPHH6hQdlhZtooWGix4=,8FpXi6ftnkvDHGKrIZDvQcCH7Dg=
-94,-26,Nm/MIH6oIPHH6hQdlhZtooWGix4=,8FpXi6ftnkvDHGKrIZDvQcCH7Dg=
-93,-26,Nm/MIH6oIPHH6hQdlhZtooWGix4=,8FpXi6ftnkvDHGKrIZDvQcCH7Dg=
-92,-26,Nm/MIH6oIPHH6hQdlhZtooWGix4=,8FpXi6ftnkvDHGKrIZDvQcCH7Dg=
-86,-24,Nm/MIH6oIPHH6hQdlhZtooWGix4=,8FpXi6ftnkvDHGKrIZDvQcCH7Dg=
-87,-24,Nm/MIH6oIPHH6hQdlhZtooWGix4=,8FpXi6ftnkvDHGKrIZDvQcCH7Dg=
-91,-26,Nm/MIH6oIPHH6hQdlhZtooWGix4=,8FpXi6ftnkvDHGKrIZDvQcCH7Dg=
-88,-24,Nm/MIH6oIPHH6hQdlhZtooWGix4=,8FpXi6ftnkvDHGKrIZDvQcCH7Dg=
-90,-26,Nm/MIH6oIPHH6hQdlhZtooWGix4=,8FpXi6ftnkvDHGKrIZDvQcCH7Dg=
-86,-32,Nm/MIH6oIPHH6hQdlhZtooWGix4=,8FpXi6ftnkvDHGKrIZDvQcCH7Dg=
-89,-26,Nm/MIH6oIPHH6hQdlhZtooWGix4=,8FpXi6ftnkvDHGKrIZDvQcCH7Dg=
-93,-29,Nm/MIH6oIPHH6hQdlhZtooWGix4=,8FpXi6ftnkvDHGKrIZDvQcCH7Dg=
-88,-26,Nm/MIH6oIPHH6hQdlhZtooWGix4=,8FpXi6ftnkvDHGKrIZDvQcCH7Dg=
-89,-24,Nm/MIH6oIPHH6hQdlhZtooWGix4=,8FpXi6ftnkvDHGKrIZDvQcCH7Dg=
-87,-26,Nm/MIH6oIPHH6hQdlhZtooWGix4=,8FpXi6ftnkvDHGKrIZDvQcCH7Dg=
-90,-24,Nm/MIH6oIPHH6hQdlhZtooWGix4=,8FpXi6ftnkvDHGKrIZDvQcCH7Dg=
-95,-29,Nm/MIH6oIPHH6hQdlhZtooWGix4=,8FpXi6ftnkvDHGKrIZDvQcCH7Dg=
-88,-32,Nm/MIH6oIPHH6hQdlhZtooWGix4=,8FpXi6ftnkvDHGKrIZDvQcCH7Dg=
-92,-24,Nm/MIH6oIPHH6hQdlhZtooWGix4=,8FpXi6ftnkvDHGKrIZDvQcCH7Dg=
-91,-24,Nm/MIH6oIPHH6hQdlhZtooWGix4=,8FpXi6ftnkvDHGKrIZDvQcCH7Dg=
-86,-26,Nm/MIH6oIPHH6hQdlhZtooWGix4=,8FpXi6ftnkvDHGKrIZDvQcCH7Dg=
-85,-26,Nm/MIH6oIPHH6hQdlhZtooWGix4=,8FpXi6ftnkvDHGKrIZDvQcCH7Dg=
-93,-24,Nm/MIH6oIPHH6hQdlhZtooWGix4=,8FpXi6ftnkvDHGKrIZDvQcCH7Dg=
-84,-26,Nm/MIH6oIPHH6hQdlhZtooWGix4=,8FpXi6ftnkvDHGKrIZDvQcCH7Dg=
-94,-24,Nm/MIH6oIPHH6hQdlhZtooWGix4=,8FpXi6ftnkvDHGKrIZDvQcCH7Dg=
-83,-26,Nm/MIH6oIPHH6hQdlhZtooWGix4=,8FpXi6ftnkvDHGKrIZDvQcCH7Dg=
-95,-24,Nm/MIH6oIPHH6hQdlhZtooWGix4=,8FpXi6ftnkvDHGKrIZDvQcCH7Dg=
-82,-26,Nm/MIH6oIPHH6hQdlhZtooWGix4=,8FpXi6ftnkvDHGKrIZDvQcCH7Dg=
-89,-31,Nm/MIH6oIPHH6hQdlhZtooWGix4=,8FpXi6ftnkvDHGKrIZDvQcCH7Dg=
-96,-25,Nm/MIH6oIPHH6hQdlhZtooWGix4=,8FpXi6ftnkvDHGKrIZDvQcCH7Dg=
-90,-31,Nm/MIH6oIPHH6hQdlhZtooWGix4=,8FpXi6ftnkvDHGKrIZDvQcCH7Dg=
-95,-25,Nm/MIH6oIPHH6hQdlhZtooWGix4=,8FpXi6ftnkvDHGKrIZDvQcCH7Dg=
-94,-25,Nm/MIH6oIPHH6hQdlhZtooWGix4=,8FpXi6ftnkvDHGKrIZDvQcCH7Dg=
-93,-25,Nm/MIH6oIPHH6hQdlhZtooWGix4=,8FpXi6ftnkvDHGKrIZDvQcCH7Dg=
-92,-25,Nm/MIH6oIPHH6hQdlhZtooWGix4=,8FpXi6ftnkvDHGKrIZDvQcCH7Dg=
-91,-25,Nm/MIH6oIPHH6hQdlhZtooWGix4=,8FpXi6ftnkvDHGKrIZDvQcCH7Dg=
-90,-25,Nm/MIH6oIPHH6hQdlhZtooWGix4=,8FpXi6ftnkvDHGKrIZDvQcCH7Dg=
-89,-25,Nm/MIH6oIPHH6hQdlhZtooWGix4=,8FpXi6ftnkvDHGKrIZDvQcCH7Dg=
-88,-25,Nm/MIH6oIPHH6hQdlhZtooWGix4=,8FpXi6ftnkvDHGKrIZDvQcCH7Dg=
-94,-29,Nm/MIH6oIPHH6hQdlhZtooWGix4=,8FpXi6ftnkvDHGKrIZDvQcCH7Dg=
-87,-32,Nm/MIH6oIPHH6hQdlhZtooWGix4=,8FpXi6ftnkvDHGKrIZDvQcCH7Dg=
-87,-25,Nm/MIH6oIPHH6hQdlhZtooWGix4=,8FpXi6ftnkvDHGKrIZDvQcCH7Dg=
-86,-25,Nm/MIH6oIPHH6hQdlhZtooWGix4=,8FpXi6ftnkvDHGKrIZDvQcCH7Dg=
-85,-25,Nm/MIH6oIPHH6hQdlhZtooWGix4=,8FpXi6ftnkvDHGKrIZDvQcCH7Dg=
-84,-25,Nm/MIH6oIPHH6hQdlhZtooWGix4=,8FpXi6ftnkvDHGKrIZDvQcCH7Dg=
-83,-25,Nm/MIH6oIPHH6hQdlhZtooWGix4=,8FpXi6ftnkvDHGKrIZDvQcCH7Dg=
-82,-25,Nm/MIH6oIPHH6hQdlhZtooWGix4=,8FpXi6ftnkvDHGKrIZDvQcCH7Dg=
-82,-20,Nm/MIH6oIPHH6hQdlhZtooWGix4=,8FpXi6ftnkvDHGKrIZDvQcCH7Dg=
-82,-24,Nm/MIH6oIPHH6hQdlhZtooWGix4=,8FpXi6ftnkvDHGKrIZDvQcCH7Dg=
-81,-25,Nm/MIH6oIPHH6hQdlhZtooWGix4=,8FpXi6ftnkvDHGKrIZDvQcCH7Dg=
-81,-23,Nm/MIH6oIPHH6hQdlhZtooWGix4=,8FpXi6ftnkvDHGKrIZDvQcCH7Dg=
-82,-23,Nm/MIH6oIPHH6hQdlhZtooWGix4=,8FpXi6ftnkvDHGKrIZDvQcCH7Dg=
-81,-24,Nm/MIH6oIPHH6hQdlhZtooWGix4=,8FpXi6ftnkvDHGKrIZDvQcCH7Dg=
-96,-31,Nm/MIH6oIPHH6hQdlhZtooWGix4=,8FpXi6ftnkvDHGKrIZDvQcCH7Dg=
-81,-26,Nm/MIH6oIPHH6hQdlhZtooWGix4=,8FpXi6ftnkvDHGKrIZDvQcCH7Dg=
-96,-24,Nm/MIH6oIPHH6hQdlhZtooWGix4=,8FpXi6ftnkvDHGKrIZDvQcCH7Dg=
-83,-1,Nm/MIH6oIPHH6hQdlhZtooWGix4=,3nOSpNm4c/PhxPJLhc0VTyEgGvw=
-82,-1,Nm/MIH6oIPHH6hQdlhZtooWGix4=,3nOSpNm4c/PhxPJLhc0VTyEgGvw=
-81,-1,Nm/MIH6oIPHH6hQdlhZtooWGix4=,3nOSpNm4c/PhxPJLhc0VTyEgGvw=
-83,-14,Nm/MIH6oIPHH6hQdlhZtooWGix4=,3nOSpNm4c/PhxPJLhc0VTyEgGvw=
-93,-16,Nm/MIH6oIPHH6hQdlhZtooWGix4=,3nOSpNm4c/PhxPJLhc0VTyEgGvw=
-85,-1,Nm/MIH6oIPHH6hQdlhZtooWGix4=,3nOSpNm4c/PhxPJLhc0VTyEgGvw=
-84,-1,Nm/MIH6oIPHH6hQdlhZtooWGix4=,3nOSpNm4c/PhxPJLhc0VTyEgGvw=
-86,-1,Nm/MIH6oIPHH6hQdlhZtooWGix4=,3nOSpNm4c/PhxPJLhc0VTyEgGvw=
-88,-1,Nm/MIH6oIPHH6hQdlhZtooWGix4=,3nOSpNm4c/PhxPJLhc0VTyEgGvw=
-89,-1,Nm/MIH6oIPHH6hQdlhZtooWGix4=,3nOSpNm4c/PhxPJLhc0VTyEgGvw=
-90,-1,Nm/MIH6oIPHH6hQdlhZtooWGix4=,3nOSpNm4c/PhxPJLhc0VTyEgGvw=
-91,-1,Nm/MIH6oIPHH6hQdlhZtooWGix4=,3nOSpNm4c/PhxPJLhc0VTyEgGvw=
-92,-1,Nm/MIH6oIPHH6hQdlhZtooWGix4=,3nOSpNm4c/PhxPJLhc0VTyEgGvw=
-93,-1,Nm/MIH6oIPHH6hQdlhZtooWGix4=,3nOSpNm4c/PhxPJLhc0VTyEgGvw=
-82,-14,Nm/MIH6oIPHH6hQdlhZtooWGix4=,3nOSpNm4c/PhxPJLhc0VTyEgGvw=
-94,-1,Nm/MIH6oIPHH6hQdlhZtooWGix4=,3nOSpNm4c/PhxPJLhc0VTyEgGvw=
-81,-14,Nm/MIH6oIPHH6hQdlhZtooWGix4=,3nOSpNm4c/PhxPJLhc0VTyEgGvw=
-96,-13,Nm/MIH6oIPHH6hQdlhZtooWGix4=,3nOSpNm4c/PhxPJLhc0VTyEgGvw=
-95,-13,Nm/MIH6oIPHH6hQdlhZtooWGix4=,3nOSpNm4c/PhxPJLhc0VTyEgGvw=
-95,-15,Nm/MIH6oIPHH6hQdlhZtooWGix4=,3nOSpNm4c/PhxPJLhc0VTyEgGvw=
-93,-13,Nm/MIH6oIPHH6hQdlhZtooWGix4=,3nOSpNm4c/PhxPJLhc0VTyEgGvw=
-94,-13,Nm/MIH6oIPHH6hQdlhZtooWGix4=,3nOSpNm4c/PhxPJLhc0VTyEgGvw=
-81,-15,Nm/MIH6oIPHH6hQdlhZtooWGix4=,3nOSpNm4c/PhxPJLhc0VTyEgGvw=
-82,-15,Nm/MIH6oIPHH6hQdlhZtooWGix4=,3nOSpNm4c/PhxPJLhc0VTyEgGvw=
-96,-14,Nm/MIH6oIPHH6hQdlhZtooWGix4=,3nOSpNm4c/PhxPJLhc0VTyEgGvw=
-83,-15,Nm/MIH6oIPHH6hQdlhZtooWGix4=,3nOSpNm4c/PhxPJLhc0VTyEgGvw=
-96,-16,Nm/MIH6oIPHH6hQdlhZtooWGix4=,3nOSpNm4c/PhxPJLhc0VTyEgGvw=
-92,-13,Nm/MIH6oIPHH6hQdlhZtooWGix4=,3nOSpNm4c/PhxPJLhc0VTyEgGvw=
-85,-15,Nm/MIH6oIPHH6hQdlhZtooWGix4=,3nOSpNm4c/PhxPJLhc0VTyEgGvw=
-92,-16,Nm/MIH6oIPHH6hQdlhZtooWGix4=,3nOSpNm4c/PhxPJLhc0VTyEgGvw=
-95,-1,Nm/MIH6oIPHH6hQdlhZtooWGix4=,3nOSpNm4c/PhxPJLhc0VTyEgGvw=
-91,-13,Nm/MIH6oIPHH6hQdlhZtooWGix4=,3nOSpNm4c/PhxPJLhc0VTyEgGvw=
-86,-15,Nm/MIH6oIPHH6hQdlhZtooWGix4=,3nOSpNm4c/PhxPJLhc0VTyEgGvw=
-96,-1,Nm/MIH6oIPHH6hQdlhZtooWGix4=,3nOSpNm4c/PhxPJLhc0VTyEgGvw=
-89,-13,Nm/MIH6oIPHH6hQdlhZtooWGix4=,3nOSpNm4c/PhxPJLhc0VTyEgGvw=
-90,-13,Nm/MIH6oIPHH6hQdlhZtooWGix4=,3nOSpNm4c/PhxPJLhc0VTyEgGvw=
-87,-15,Nm/MIH6oIPHH6hQdlhZtooWGix4=,3nOSpNm4c/PhxPJLhc0VTyEgGvw=
-88,-15,Nm/MIH6oIPHH6hQdlhZtooWGix4=,3nOSpNm4c/PhxPJLhc0VTyEgGvw=
-88,-13,Nm/MIH6oIPHH6hQdlhZtooWGix4=,3nOSpNm4c/PhxPJLhc0VTyEgGvw=
-84,-15,Nm/MIH6oIPHH6hQdlhZtooWGix4=,3nOSpNm4c/PhxPJLhc0VTyEgGvw=
-87,-13,Nm/MIH6oIPHH6hQdlhZtooWGix4=,3nOSpNm4c/PhxPJLhc0VTyEgGvw=
-90,-15,Nm/MIH6oIPHH6hQdlhZtooWGix4=,3nOSpNm4c/PhxPJLhc0VTyEgGvw=
-89,-15,Nm/MIH6oIPHH6hQdlhZtooWGix4=,3nOSpNm4c/PhxPJLhc0VTyEgGvw=
-86,-13,Nm/MIH6oIPHH6hQdlhZtooWGix4=,3nOSpNm4c/PhxPJLhc0VTyEgGvw=
-92,-15,Nm/MIH6oIPHH6hQdlhZtooWGix4=,3nOSpNm4c/PhxPJLhc0VTyEgGvw=
-81,-2,Nm/MIH6oIPHH6hQdlhZtooWGix4=,3nOSpNm4c/PhxPJLhc0VTyEgGvw=
-85,-13,Nm/MIH6oIPHH6hQdlhZtooWGix4=,3nOSpNm4c/PhxPJLhc0VTyEgGvw=
-94,-15,Nm/MIH6oIPHH6hQdlhZtooWGix4=,3nOSpNm4c/PhxPJLhc0VTyEgGvw=
-93,-15,Nm/MIH6oIPHH6hQdlhZtooWGix4=,3nOSpNm4c/PhxPJLhc0VTyEgGvw=
-84,-13,Nm/MIH6oIPHH6hQdlhZtooWGix4=,3nOSpNm4c/PhxPJLhc0VTyEgGvw=
-82,-2,Nm/MIH6oIPHH6hQdlhZtooWGix4=,3nOSpNm4c/PhxPJLhc0VTyEgGvw=
-84,-14,Nm/MIH6oIPHH6hQdlhZtooWGix4=,3nOSpNm4c/PhxPJLhc0VTyEgGvw=
-94,-16,Nm/MIH6oIPHH6hQdlhZtooWGix4=,3nOSpNm4c/PhxPJLhc0VTyEgGvw=
-84,-2,Nm/MIH6oIPHH6hQdlhZtooWGix4=,3nOSpNm4c/PhxPJLhc0VTyEgGvw=
-91,-15,Nm/MIH6oIPHH6hQdlhZtooWGix4=,3nOSpNm4c/PhxPJLhc0VTyEgGvw=
-83,-13,Nm/MIH6oIPHH6hQdlhZtooWGix4=,3nOSpNm4c/PhxPJLhc0VTyEgGvw=
-82,-13,Nm/MIH6oIPHH6hQdlhZtooWGix4=,3nOSpNm4c/PhxPJLhc0VTyEgGvw=
-81,-13,Nm/MIH6oIPHH6hQdlhZtooWGix4=,3nOSpNm4c/PhxPJLhc0VTyEgGvw=
-95,-14,Nm/MIH6oIPHH6hQdlhZtooWGix4=,3nOSpNm4c/PhxPJLhc0VTyEgGvw=
-83,-2,Nm/MIH6oIPHH6hQdlhZtooWGix4=,3nOSpNm4c/PhxPJLhc0VTyEgGvw=
-96,-12,Nm/MIH6oIPHH6hQdlhZtooWGix4=,3nOSpNm4c/PhxPJLhc0VTyEgGvw=
-95,-12,Nm/MIH6oIPHH6hQdlhZtooWGix4=,3nOSpNm4c/PhxPJLhc0VTyEgGvw=
-94,-12,Nm/MIH6oIPHH6hQdlhZtooWGix4=,3nOSpNm4c/PhxPJLhc0VTyEgGvw=
-90,-2,Nm/MIH6oIPHH6hQdlhZtooWGix4=,3nOSpNm4c/PhxPJLhc0VTyEgGvw=
-93,-12,Nm/MIH6oIPHH6hQdlhZtooWGix4=,3nOSpNm4c/PhxPJLhc0VTyEgGvw=
-89,-2,Nm/MIH6oIPHH6hQdlhZtooWGix4=,3nOSpNm4c/PhxPJLhc0VTyEgGvw=
-94,-14,Nm/MIH6oIPHH6hQdlhZtooWGix4=,3nOSpNm4c/PhxPJLhc0VTyEgGvw=
-91,-2,Nm/MIH6oIPHH6hQdlhZtooWGix4=,3nOSpNm4c/PhxPJLhc0VTyEgGvw=
-92,-12,Nm/MIH6oIPHH6hQdlhZtooWGix4=,3nOSpNm4c/PhxPJLhc0VTyEgGvw=
-92,-2,Nm/MIH6oIPHH6hQdlhZtooWGix4=,3nOSpNm4c/PhxPJLhc0VTyEgGvw=
-91,-16,Nm/MIH6oIPHH6hQdlhZtooWGix4=,3nOSpNm4c/PhxPJLhc0VTyEgGvw=
-93,-2,Nm/MIH6oIPHH6hQdlhZtooWGix4=,3nOSpNm4c/PhxPJLhc0VTyEgGvw=
-94,-2,Nm/MIH6oIPHH6hQdlhZtooWGix4=,3nOSpNm4c/PhxPJLhc0VTyEgGvw=
-91,-12,Nm/MIH6oIPHH6hQdlhZtooWGix4=,3nOSpNm4c/PhxPJLhc0VTyEgGvw=
-90,-12,Nm/MIH6oIPHH6hQdlhZtooWGix4=,3nOSpNm4c/PhxPJLhc0VTyEgGvw=
-95,-2,Nm/MIH6oIPHH6hQdlhZtooWGix4=,3nOSpNm4c/PhxPJLhc0VTyEgGvw=
-89,-12,Nm/MIH6oIPHH6hQdlhZtooWGix4=,3nOSpNm4c/PhxPJLhc0VTyEgGvw=
-96,-2,Nm/MIH6oIPHH6hQdlhZtooWGix4=,3nOSpNm4c/PhxPJLhc0VTyEgGvw=
-88,-12,Nm/MIH6oIPHH6hQdlhZtooWGix4=,3nOSpNm4c/PhxPJLhc0VTyEgGvw=
-87,-12,Nm/MIH6oIPHH6hQdlhZtooWGix4=,3nOSpNm4c/PhxPJLhc0VTyEgGvw=
-96,-15,Nm/MIH6oIPHH6hQdlhZtooWGix4=,3nOSpNm4c/PhxPJLhc0VTyEgGvw=
-86,-12,Nm/MIH6oIPHH6hQdlhZtooWGix4=,3nOSpNm4c/PhxPJLhc0VTyEgGvw=
-85,-12,Nm/MIH6oIPHH6hQdlhZtooWGix4=,3nOSpNm4c/PhxPJLhc0VTyEgGvw=
-84,-12,Nm/MIH6oIPHH6hQdlhZtooWGix4=,3nOSpNm4c/PhxPJLhc0VTyEgGvw=
-83,-12,Nm/MIH6oIPHH6hQdlhZtooWGix4=,3nOSpNm4c/PhxPJLhc0VTyEgGvw=
-82,-12,Nm/MIH6oIPHH6hQdlhZtooWGix4=,3nOSpNm4c/PhxPJLhc0VTyEgGvw=
-81,-12,Nm/MIH6oIPHH6hQdlhZtooWGix4=,3nOSpNm4c/PhxPJLhc0VTyEgGvw=
-90,-16,Nm/MIH6oIPHH6hQdlhZtooWGix4=,3nOSpNm4c/PhxPJLhc0VTyEgGvw=
-96,-11,Nm/MIH6oIPHH6hQdlhZtooWGix4=,3nOSpNm4c/PhxPJLhc0VTyEgGvw=
-95,-11,Nm/MIH6oIPHH6hQdlhZtooWGix4=,3nOSpNm4c/PhxPJLhc0VTyEgGvw=
-94,-11,Nm/MIH6oIPHH6hQdlhZtooWGix4=,3nOSpNm4c/PhxPJLhc0VTyEgGvw=
-93,-11,Nm/MIH6oIPHH6hQdlhZtooWGix4=,3nOSpNm4c/PhxPJLhc0VTyEgGvw=
-92,-11,Nm/MIH6oIPHH6hQdlhZtooWGix4=,3nOSpNm4c/PhxPJLhc0VTyEgGvw=
-93,-14,Nm/MIH6oIPHH6hQdlhZtooWGix4=,3nOSpNm4c/PhxPJLhc0VTyEgGvw=
-89,-16,Nm/MIH6oIPHH6hQdlhZtooWGix4=,3nOSpNm4c/PhxPJLhc0VTyEgGvw=
-91,-11,Nm/MIH6oIPHH6hQdlhZtooWGix4=,3nOSpNm4c/PhxPJLhc0VTyEgGvw=
-90,-11,Nm/MIH6oIPHH6hQdlhZtooWGix4=,3nOSpNm4c/PhxPJLhc0VTyEgGvw=
-89,-11,Nm/MIH6oIPHH6hQdlhZtooWGix4=,3nOSpNm4c/PhxPJLhc0VTyEgGvw=
-88,-11,Nm/MIH6oIPHH6hQdlhZtooWGix4=,3nOSpNm4c/PhxPJLhc0VTyEgGvw=
-87,-11,Nm/MIH6oIPHH6hQdlhZtooWGix4=,3nOSpNm4c/PhxPJLhc0VTyEgGvw=
-86,-11,Nm/MIH6oIPHH6hQdlhZtooWGix4=,3nOSpNm4c/PhxPJLhc0VTyEgGvw=
-85,-11,Nm/MIH6oIPHH6hQdlhZtooWGix4=,3nOSpNm4c/PhxPJLhc0VTyEgGvw=
-84,-11,Nm/MIH6oIPHH6hQdlhZtooWGix4=,3nOSpNm4c/PhxPJLhc0VTyEgGvw=
-83,-11,Nm/MIH6oIPHH6hQdlhZtooWGix4=,3nOSpNm4c/PhxPJLhc0VTyEgGvw=
-87,-1,Nm/MIH6oIPHH6hQdlhZtooWGix4=,3nOSpNm4c/PhxPJLhc0VTyEgGvw=
-81,-16,Nm/MIH6oIPHH6hQdlhZtooWGix4=,3nOSpNm4c/PhxPJLhc0VTyEgGvw=
-83,-3,Nm/MIH6oIPHH6hQdlhZtooWGix4=,3nOSpNm4c/PhxPJLhc0VTyEgGvw=
-85,-14,Nm/MIH6oIPHH6hQdlhZtooWGix4=,3nOSpNm4c/PhxPJLhc0VTyEgGvw=
-86,-2,Nm/MIH6oIPHH6hQdlhZtooWGix4=,3nOSpNm4c/PhxPJLhc0VTyEgGvw=
-82,-11,Nm/MIH6oIPHH6hQdlhZtooWGix4=,3nOSpNm4c/PhxPJLhc0VTyEgGvw=
-81,-3,Nm/MIH6oIPHH6hQdlhZtooWGix4=,3nOSpNm4c/PhxPJLhc0VTyEgGvw=
-85,-2,Nm/MIH6oIPHH6hQdlhZtooWGix4=,3nOSpNm4c/PhxPJLhc0VTyEgGvw=
-84,-3,Nm/MIH6oIPHH6hQdlhZtooWGix4=,3nOSpNm4c/PhxPJLhc0VTyEgGvw=
-81,-11,Nm/MIH6oIPHH6hQdlhZtooWGix4=,3nOSpNm4c/PhxPJLhc0VTyEgGvw=
-96,-10,Nm/MIH6oIPHH6hQdlhZtooWGix4=,3nOSpNm4c/PhxPJLhc0VTyEgGvw=
-95,-10,Nm/MIH6oIPHH6hQdlhZtooWGix4=,3nOSpNm4c/PhxPJLhc0VTyEgGvw=
-94,-10,Nm/MIH6oIPHH6hQdlhZtooWGix4=,3nOSpNm4c/PhxPJLhc0VTyEgGvw=
-93,-10,Nm/MIH6oIPHH6hQdlhZtooWGix4=,3nOSpNm4c/PhxPJLhc0VTyEgGvw=
-92,-10,Nm/MIH6oIPHH6hQdlhZtooWGix4=,3nOSpNm4c/PhxPJLhc0VTyEgGvw=
-91,-10,Nm/MIH6oIPHH6hQdlhZtooWGix4=,3nOSpNm4c/PhxPJLhc0VTyEgGvw=
-92,-14,Nm/MIH6oIPHH6hQdlhZtooWGix4=,3nOSpNm4c/PhxPJLhc0VTyEgGvw=
-88,-16,Nm/MIH6oIPHH6hQdlhZtooWGix4=,3nOSpNm4c/PhxPJLhc0VTyEgGvw=
-90,-10,Nm/MIH6oIPHH6hQdlhZtooWGix4=,3nOSpNm4c/PhxPJLhc0VTyEgGvw=
-89,-10,Nm/MIH6oIPHH6hQdlhZtooWGix4=,3nOSpNm4c/PhxPJLhc0VTyEgGvw=
-88,-10,Nm/MIH6oIPHH6hQdlhZtooWGix4=,3nOSpNm4c/PhxPJLhc0VTyEgGvw=
-87,-10,Nm/MIH6oIPHH6hQdlhZtooWGix4=,3nOSpNm4c/PhxPJLhc0VTyEgGvw=
-86,-10,Nm/MIH6oIPHH6hQdlhZtooWGix4=,3nOSpNm4c/PhxPJLhc0VTyEgGvw=
-85,-10,Nm/MIH6oIPHH6hQdlhZtooWGix4=,3nOSpNm4c/PhxPJLhc0VTyEgGvw=
-88,-3,Nm/MIH6oIPHH6hQdlhZtooWGix4=,3nOSpNm4c/PhxPJLhc0VTyEgGvw=
-89,-3,Nm/MIH6oIPHH6hQdlhZtooWGix4=,3nOSpNm4c/PhxPJLhc0VTyEgGvw=
-90,-3,Nm/MIH6oIPHH6hQdlhZtooWGix4=,3nOSpNm4c/PhxPJLhc0VTyEgGvw=
-91,-3,Nm/MIH6oIPHH6hQdlhZtooWGix4=,3nOSpNm4c/PhxPJLhc0VTyEgGvw=
-92,-3,Nm/MIH6oIPHH6hQdlhZtooWGix4=,3nOSpNm4c/PhxPJLhc0VTyEgGvw=
-93,-3,Nm/MIH6oIPHH6hQdlhZtooWGix4=,3nOSpNm4c/PhxPJLhc0VTyEgGvw=
-94,-3,Nm/MIH6oIPHH6hQdlhZtooWGix4=,3nOSpNm4c/PhxPJLhc0VTyEgGvw=
-95,-3,Nm/MIH6oIPHH6hQdlhZtooWGix4=,3nOSpNm4c/PhxPJLhc0VTyEgGvw=
-95,-16,Nm/MIH6oIPHH6hQdlhZtooWGix4=,3nOSpNm4c/PhxPJLhc0VTyEgGvw=
-96,-3,Nm/MIH6oIPHH6hQdlhZtooWGix4=,3nOSpNm4c/PhxPJLhc0VTyEgGvw=
-85,-3,Nm/MIH6oIPHH6hQdlhZtooWGix4=,3nOSpNm4c/PhxPJLhc0VTyEgGvw=
-82,-4,Nm/MIH6oIPHH6hQdlhZtooWGix4=,3nOSpNm4c/PhxPJLhc0VTyEgGvw=
-81,-4,Nm/MIH6oIPHH6hQdlhZtooWGix4=,3nOSpNm4c/PhxPJLhc0VTyEgGvw=
-82,-3,Nm/MIH6oIPHH6hQdlhZtooWGix4=,3nOSpNm4c/PhxPJLhc0VTyEgGvw=
-82,-16,Nm/MIH6oIPHH6hQdlhZtooWGix4=,3nOSpNm4c/PhxPJLhc0VTyEgGvw=
-86,-14,Nm/MIH6oIPHH6hQdlhZtooWGix4=,3nOSpNm4c/PhxPJLhc0VTyEgGvw=
-84,-10,Nm/MIH6oIPHH6hQdlhZtooWGix4=,3nOSpNm4c/PhxPJLhc0VTyEgGvw=
-83,-4,Nm/MIH6oIPHH6hQdlhZtooWGix4=,3nOSpNm4c/PhxPJLhc0VTyEgGvw=
-87,-2,Nm/MIH6oIPHH6hQdlhZtooWGix4=,3nOSpNm4c/PhxPJLhc0VTyEgGvw=
-84,-4,Nm/MIH6oIPHH6hQdlhZtooWGix4=,3nOSpNm4c/PhxPJLhc0VTyEgGvw=
-86,-3,Nm/MIH6oIPHH6hQdlhZtooWGix4=,3nOSpNm4c/PhxPJLhc0VTyEgGvw=
-89,-4,Nm/MIH6oIPHH6hQdlhZtooWGix4=,3nOSpNm4c/PhxPJLhc0VTyEgGvw=
-90,-4,Nm/MIH6oIPHH6hQdlhZtooWGix4=,3nOSpNm4c/PhxPJLhc0VTyEgGvw=
-91,-4,Nm/MIH6oIPHH6hQdlhZtooWGix4=,3nOSpNm4c/PhxPJLhc0VTyEgGvw=
-92,-4,Nm/MIH6oIPHH6hQdlhZtooWGix4=,3nOSpNm4c/PhxPJLhc0VTyEgGvw=
-93,-4,Nm/MIH6oIPHH6hQdlhZtooWGix4=,3nOSpNm4c/PhxPJLhc0VTyEgGvw=
-94,-4,Nm/MIH6oIPHH6hQdlhZtooWGix4=,3nOSpNm4c/PhxPJLhc0VTyEgGvw=
-95,-4,Nm/MIH6oIPHH6hQdlhZtooWGix4=,3nOSpNm4c/PhxPJLhc0VTyEgGvw=
-96,-4,Nm/MIH6oIPHH6hQdlhZtooWGix4=,3nOSpNm4c/PhxPJLhc0VTyEgGvw=
-83,-10,Nm/MIH6oIPHH6hQdlhZtooWGix4=,3nOSpNm4c/PhxPJLhc0VTyEgGvw=
-81,-5,Nm/MIH6oIPHH6hQdlhZtooWGix4=,3nOSpNm4c/PhxPJLhc0VTyEgGvw=
-86,-4,Nm/MIH6oIPHH6hQdlhZtooWGix4=,3nOSpNm4c/PhxPJLhc0VTyEgGvw=
-88,-4,Nm/MIH6oIPHH6hQdlhZtooWGix4=,3nOSpNm4c/PhxPJLhc0VTyEgGvw=
-82,-10,Nm/MIH6oIPHH6hQdlhZtooWGix4=,3nOSpNm4c/PhxPJLhc0VTyEgGvw=
-82,-5,Nm/MIH6oIPHH6hQdlhZtooWGix4=,3nOSpNm4c/PhxPJLhc0VTyEgGvw=
-88,-2,Nm/MIH6oIPHH6hQdlhZtooWGix4=,3nOSpNm4c/PhxPJLhc0VTyEgGvw=
-83,-16,Nm/MIH6oIPHH6hQdlhZtooWGix4=,3nOSpNm4c/PhxPJLhc0VTyEgGvw=
-87,-14,Nm/MIH6oIPHH6hQdlhZtooWGix4=,3nOSpNm4c/PhxPJLhc0VTyEgGvw=
-83,-5,Nm/MIH6oIPHH6hQdlhZtooWGix4=,3nOSpNm4c/PhxPJLhc0VTyEgGvw=
-84,-5,Nm/MIH6oIPHH6hQdlhZtooWGix4=,3nOSpNm4c/PhxPJLhc0VTyEgGvw=
-85,-4,Nm/MIH6oIPHH6hQdlhZtooWGix4=,3nOSpNm4c/PhxPJLhc0VTyEgGvw=
-85,-5,Nm/MIH6oIPHH6hQdlhZtooWGix4=,3nOSpNm4c/PhxPJLhc0VTyEgGvw=
-90,-5,Nm/MIH6oIPHH6hQdlhZtooWGix4=,3nOSpNm4c/PhxPJLhc0VTyEgGvw=
-91,-5,Nm/MIH6oIPHH6hQdlhZtooWGix4=,3nOSpNm4c/PhxPJLhc0VTyEgGvw=
-92,-5,Nm/MIH6oIPHH6hQdlhZtooWGix4=,3nOSpNm4c/PhxPJLhc0VTyEgGvw=
-93,-5,Nm/MIH6oIPHH6hQdlhZtooWGix4=,3nOSpNm4c/PhxPJLhc0VTyEgGvw=
-94,-5,Nm/MIH6oIPHH6hQdlhZtooWGix4=,3nOSpNm4c/PhxPJLhc0VTyEgGvw=
-95,-5,Nm/MIH6oIPHH6hQdlhZtooWGix4=,3nOSpNm4c/PhxPJLhc0VTyEgGvw=
-96,-5,Nm/MIH6oIPHH6hQdlhZtooWGix4=,3nOSpNm4c/PhxPJLhc0VTyEgGvw=
-81,-10,Nm/MIH6oIPHH6hQdlhZtooWGix4=,3nOSpNm4c/PhxPJLhc0VTyEgGvw=
-96,-9,Nm/MIH6oIPHH6hQdlhZtooWGix4=,3nOSpNm4c/PhxPJLhc0VTyEgGvw=
-95,-9,Nm/MIH6oIPHH6hQdlhZtooWGix4=,3nOSpNm4c/PhxPJLhc0VTyEgGvw=
-94,-9,Nm/MIH6oIPHH6hQdlhZtooWGix4=,3nOSpNm4c/PhxPJLhc0VTyEgGvw=
-93,-9,Nm/MIH6oIPHH6hQdlhZtooWGix4=,3nOSpNm4c/PhxPJLhc0VTyEgGvw=
-92,-9,Nm/MIH6oIPHH6hQdlhZtooWGix4=,3nOSpNm4c/PhxPJLhc0VTyEgGvw=
-91,-9,Nm/MIH6oIPHH6hQdlhZtooWGix4=,3nOSpNm4c/PhxPJLhc0VTyEgGvw=
-90,-9,Nm/MIH6oIPHH6hQdlhZtooWGix4=,3nOSpNm4c/PhxPJLhc0VTyEgGvw=
-91,-14,Nm/MIH6oIPHH6hQdlhZtooWGix4=,3nOSpNm4c/PhxPJLhc0VTyEgGvw=
-87,-16,Nm/MIH6oIPHH6hQdlhZtooWGix4=,3nOSpNm4c/PhxPJLhc0VTyEgGvw=
-89,-9,Nm/MIH6oIPHH6hQdlhZtooWGix4=,3nOSpNm4c/PhxPJLhc0VTyEgGvw=
-88,-9,Nm/MIH6oIPHH6hQdlhZtooWGix4=,3nOSpNm4c/PhxPJLhc0VTyEgGvw=
-87,-9,Nm/MIH6oIPHH6hQdlhZtooWGix4=,3nOSpNm4c/PhxPJLhc0VTyEgGvw=
-81,-6,Nm/MIH6oIPHH6hQdlhZtooWGix4=,3nOSpNm4c/PhxPJLhc0VTyEgGvw=
-88,-5,Nm/MIH6oIPHH6hQdlhZtooWGix4=,3nOSpNm4c/PhxPJLhc0VTyEgGvw=
-87,-3,Nm/MIH6oIPHH6hQdlhZtooWGix4=,3nOSpNm4c/PhxPJLhc0VTyEgGvw=
-86,-9,Nm/MIH6oIPHH6hQdlhZtooWGix4=,3nOSpNm4c/PhxPJLhc0VTyEgGvw=
-87,-5,Nm/MIH6oIPHH6hQdlhZtooWGix4=,3nOSpNm4c/PhxPJLhc0VTyEgGvw=
-85,-9,Nm/MIH6oIPHH6hQdlhZtooWGix4=,3nOSpNm4c/PhxPJLhc0VTyEgGvw=
-84,-9,Nm/MIH6oIPHH6hQdlhZtooWGix4=,3nOSpNm4c/PhxPJLhc0VTyEgGvw=
-83,-6,Nm/MIH6oIPHH6hQdlhZtooWGix4=,3nOSpNm4c/PhxPJLhc0VTyEgGvw=
-84,-16,Nm/MIH6oIPHH6hQdlhZtooWGix4=,3nOSpNm4c/PhxPJLhc0VTyEgGvw=
-88,-14,Nm/MIH6oIPHH6hQdlhZtooWGix4=,3nOSpNm4c/PhxPJLhc0VTyEgGvw=
-82,-6,Nm/MIH6oIPHH6hQdlhZtooWGix4=,3nOSpNm4c/PhxPJLhc0VTyEgGvw=
-84,-6,Nm/MIH6oIPHH6hQdlhZtooWGix4=,3nOSpNm4c/PhxPJLhc0VTyEgGvw=
-83,-9,Nm/MIH6oIPHH6hQdlhZtooWGix4=,3nOSpNm4c/PhxPJLhc0VTyEgGvw=
-90,-6,Nm/MIH6oIPHH6hQdlhZtooWGix4=,3nOSpNm4c/PhxPJLhc0VTyEgGvw=
-91,-6,Nm/MIH6oIPHH6hQdlhZtooWGix4=,3nOSpNm4c/PhxPJLhc0VTyEgGvw=
-92,-6,Nm/MIH6oIPHH6hQdlhZtooWGix4=,3nOSpNm4c/PhxPJLhc0VTyEgGvw=
-93,-6,Nm/MIH6oIPHH6hQdlhZtooWGix4=,3nOSpNm4c/PhxPJLhc0VTyEgGvw=
-94,-6,Nm/MIH6oIPHH6hQdlhZtooWGix4=,3nOSpNm4c/PhxPJLhc0VTyEgGvw=
-95,-6,Nm/MIH6oIPHH6hQdlhZtooWGix4=,3nOSpNm4c/PhxPJLhc0VTyEgGvw=
-96,-6,Nm/MIH6oIPHH6hQdlhZtooWGix4=,3nOSpNm4c/PhxPJLhc0VTyEgGvw=
-89,-6,Nm/MIH6oIPHH6hQdlhZtooWGix4=,3nOSpNm4c/PhxPJLhc0VTyEgGvw=
-87,-6,Nm/MIH6oIPHH6hQdlhZtooWGix4=,3nOSpNm4c/PhxPJLhc0VTyEgGvw=
-82,-9,Nm/MIH6oIPHH6hQdlhZtooWGix4=,3nOSpNm4c/PhxPJLhc0VTyEgGvw=
-88,-6,Nm/MIH6oIPHH6hQdlhZtooWGix4=,3nOSpNm4c/PhxPJLhc0VTyEgGvw=
-89,-5,Nm/MIH6oIPHH6hQdlhZtooWGix4=,3nOSpNm4c/PhxPJLhc0VTyEgGvw=
-81,-7,Nm/MIH6oIPHH6hQdlhZtooWGix4=,3nOSpNm4c/PhxPJLhc0VTyEgGvw=
-84,-7,Nm/MIH6oIPHH6hQdlhZtooWGix4=,3nOSpNm4c/PhxPJLhc0VTyEgGvw=
-85,-7,Nm/MIH6oIPHH6hQdlhZtooWGix4=,3nOSpNm4c/PhxPJLhc0VTyEgGvw=
-86,-5,Nm/MIH6oIPHH6hQdlhZtooWGix4=,3nOSpNm4c/PhxPJLhc0VTyEgGvw=
-85,-16,Nm/MIH6oIPHH6hQdlhZtooWGix4=,3nOSpNm4c/PhxPJLhc0VTyEgGvw=
-89,-14,Nm/MIH6oIPHH6hQdlhZtooWGix4=,3nOSpNm4c/PhxPJLhc0VTyEgGvw=
-87,-4,Nm/MIH6oIPHH6hQdlhZtooWGix4=,3nOSpNm4c/PhxPJLhc0VTyEgGvw=
-89,-7,Nm/MIH6oIPHH6hQdlhZtooWGix4=,3nOSpNm4c/PhxPJLhc0VTyEgGvw=
-90,-7,Nm/MIH6oIPHH6hQdlhZtooWGix4=,3nOSpNm4c/PhxPJLhc0VTyEgGvw=
-91,-7,Nm/MIH6oIPHH6hQdlhZtooWGix4=,3nOSpNm4c/PhxPJLhc0VTyEgGvw=
-92,-7,Nm/MIH6oIPHH6hQdlhZtooWGix4=,3nOSpNm4c/PhxPJLhc0VTyEgGvw=
-93,-7,Nm/MIH6oIPHH6hQdlhZtooWGix4=,3nOSpNm4c/PhxPJLhc0VTyEgGvw=
-94,-7,Nm/MIH6oIPHH6hQdlhZtooWGix4=,3nOSpNm4c/PhxPJLhc0VTyEgGvw=
-95,-7,Nm/MIH6oIPHH6hQdlhZtooWGix4=,3nOSpNm4c/PhxPJLhc0VTyEgGvw=
-96,-7,Nm/MIH6oIPHH6hQdlhZtooWGix4=,3nOSpNm4c/PhxPJLhc0VTyEgGvw=
-82,-7,Nm/MIH6oIPHH6hQdlhZtooWGix4=,3nOSpNm4c/PhxPJLhc0VTyEgGvw=
-81,-8,Nm/MIH6oIPHH6hQdlhZtooWGix4=,3nOSpNm4c/PhxPJLhc0VTyEgGvw=
-88,-7,Nm/MIH6oIPHH6hQdlhZtooWGix4=,3nOSpNm4c/PhxPJLhc0VTyEgGvw=
-85,-6,Nm/MIH6oIPHH6hQdlhZtooWGix4=,3nOSpNm4c/PhxPJLhc0VTyEgGvw=
-87,-8,Nm/MIH6oIPHH6hQdlhZtooWGix4=,3nOSpNm4c/PhxPJLhc0VTyEgGvw=
-86,-6,Nm/MIH6oIPHH6hQdlhZtooWGix4=,3nOSpNm4c/PhxPJLhc0VTyEgGvw=
-86,-16,Nm/MIH6oIPHH6hQdlhZtooWGix4=,3nOSpNm4c/PhxPJLhc0VTyEgGvw=
-90,-14,Nm/MIH6oIPHH6hQdlhZtooWGix4=,3nOSpNm4c/PhxPJLhc0VTyEgGvw=
-89,-8,Nm/MIH6oIPHH6hQdlhZtooWGix4=,3nOSpNm4c/PhxPJLhc0VTyEgGvw=
-90,-8,Nm/MIH6oIPHH6hQdlhZtooWGix4=,3nOSpNm4c/PhxPJLhc0VTyEgGvw=
-91,-8,Nm/MIH6oIPHH6hQdlhZtooWGix4=,3nOSpNm4c/PhxPJLhc0VTyEgGvw=
-88,-8,Nm/MIH6oIPHH6hQdlhZtooWGix4=,3nOSpNm4c/PhxPJLhc0VTyEgGvw=
-92,-8,Nm/MIH6oIPHH6hQdlhZtooWGix4=,3nOSpNm4c/PhxPJLhc0VTyEgGvw=
-93,-8,Nm/MIH6oIPHH6hQdlhZtooWGix4=,3nOSpNm4c/PhxPJLhc0VTyEgGvw=
-94,-8,Nm/MIH6oIPHH6hQdlhZtooWGix4=,3nOSpNm4c/PhxPJLhc0VTyEgGvw=
-95,-8,Nm/MIH6oIPHH6hQdlhZtooWGix4=,3nOSpNm4c/PhxPJLhc0VTyEgGvw=
-96,-8,Nm/MIH6oIPHH6hQdlhZtooWGix4=,3nOSpNm4c/PhxPJLhc0VTyEgGvw=
-85,-8,Nm/MIH6oIPHH6hQdlhZtooWGix4=,3nOSpNm4c/PhxPJLhc0VTyEgGvw=
-83,-8,Nm/MIH6oIPHH6hQdlhZtooWGix4=,3nOSpNm4c/PhxPJLhc0VTyEgGvw=
-81,-9,Nm/MIH6oIPHH6hQdlhZtooWGix4=,3nOSpNm4c/PhxPJLhc0VTyEgGvw=
-86,-8,Nm/MIH6oIPHH6hQdlhZtooWGix4=,3nOSpNm4c/PhxPJLhc0VTyEgGvw=
-86,-7,Nm/MIH6oIPHH6hQdlhZtooWGix4=,3nOSpNm4c/PhxPJLhc0VTyEgGvw=
-83,-7,Nm/MIH6oIPHH6hQdlhZtooWGix4=,3nOSpNm4c/PhxPJLhc0VTyEgGvw=
-82,-8,Nm/MIH6oIPHH6hQdlhZtooWGix4=,3nOSpNm4c/PhxPJLhc0VTyEgGvw=
-84,-8,Nm/MIH6oIPHH6hQdlhZtooWGix4=,3nOSpNm4c/PhxPJLhc0VTyEgGvw=
-87,-7,Nm/MIH6oIPHH6hQdlhZtooWGix4=,3nOSpNm4c/PhxPJLhc0VTyEgGvw=
