79,15,uelwgI4s2QmMfYwAGmIccUHe0tI=,LNg23UR+Q7QB+M4o9/AHSaGs81s=
78,2,uelwgI4s2QmMfYwAGmIccUHe0tI=,LNg23UR+Q7QB+M4o9/AHSaGs81s=
79,2,uelwgI4s2QmMfYwAGmIccUHe0tI=,LNg23UR+Q7QB+M4o9/AHSaGs81s=
64,3,uelwgI4s2QmMfYwAGmIccUHe0tI=,LNg23UR+Q7QB+M4o9/AHSaGs81s=
65,3,uelwgI4s2QmMfYwAGmIccUHe0tI=,LNg23UR+Q7QB+M4o9/AHSaGs81s=
66,3,uelwgI4s2QmMfYwAGmIccUHe0tI=,LNg23UR+Q7QB+M4o9/AHSaGs81s=
67,3,uelwgI4s2QmMfYwAGmIccUHe0tI=,LNg23UR+Q7QB+M4o9/AHSaGs81s=
64,2,uelwgI4s2QmMfYwAGmIccUHe0tI=,LNg23UR+Q7QB+M4o9/AHSaGs81s=
68,3,uelwgI4s2QmMfYwAGmIccUHe0tI=,LNg23UR+Q7QB+M4o9/AHSaGs81s=
68,0,uelwgI4s2QmMfYwAGmIccUHe0tI=,LNg23UR+Q7QB+M4o9/AHSaGs81s=
69,3,uelwgI4s2QmMfYwAGmIccUHe0tI=,LNg23UR+Q7QB+M4o9/AHSaGs81s=
71,3,uelwgI4s2QmMfYwAGmIccUHe0tI=,LNg23UR+Q7QB+M4o9/AHSaGs81s=
70,3,uelwgI4s2QmMfYwAGmIccUHe0tI=,LNg23UR+Q7QB+M4o9/AHSaGs81s=
72,3,uelwgI4s2QmMfYwAGmIccUHe0tI=,LNg23UR+Q7QB+M4o9/AHSaGs81s=
73,3,uelwgI4s2QmMfYwAGmIccUHe0tI=,LNg23UR+Q7QB+M4o9/AHSaGs81s=
74,3,uelwgI4s2QmMfYwAGmIccUHe0tI=,LNg23UR+Q7QB+M4o9/AHSaGs81s=
76,3,uelwgI4s2QmMfYwAGmIccUHe0tI=,LNg23UR+Q7QB+M4o9/AHSaGs81s=
75,3,uelwgI4s2QmMfYwAGmIccUHe0tI=,LNg23UR+Q7QB+M4o9/AHSaGs81s=
77,3,uelwgI4s2QmMfYwAGmIccUHe0tI=,LNg23UR+Q7QB+M4o9/AHSaGs81s=
78,3,uelwgI4s2QmMfYwAGmIccUHe0tI=,LNg23UR+Q7QB+M4o9/AHSaGs81s=
79,3,uelwgI4s2QmMfYwAGmIccUHe0tI=,LNg23UR+Q7QB+M4o9/AHSaGs81s=
64,4,uelwgI4s2QmMfYwAGmIccUHe0tI=,LNg23UR+Q7QB+M4o9/AHSaGs81s=
65,2,uelwgI4s2QmMfYwAGmIccUHe0tI=,LNg23UR+Q7QB+M4o9/AHSaGs81s=
65,4,uelwgI4s2QmMfYwAGmIccUHe0tI=,LNg23UR+Q7QB+M4o9/AHSaGs81s=
66,4,uelwgI4s2QmMfYwAGmIccUHe0tI=,LNg23UR+Q7QB+M4o9/AHSaGs81s=
67,4,uelwgI4s2QmMfYwAGmIccUHe0tI=,LNg23UR+Q7QB+M4o9/AHSaGs81s=
64,0,uelwgI4s2QmMfYwAGmIccUHe0tI=,LNg23UR+Q7QB+M4o9/AHSaGs81s=
66,2,uelwgI4s2QmMfYwAGmIccUHe0tI=,LNg23UR+Q7QB+M4o9/AHSaGs81s=
68,4,uelwgI4s2QmMfYwAGmIccUHe0tI=,LNg23UR+Q7QB+M4o9/AHSaGs81s=
69,0,uelwgI4s2QmMfYwAGmIccUHe0tI=,LNg23UR+Q7QB+M4o9/AHSaGs81s=
69,4,uelwgI4s2QmMfYwAGmIccUHe0tI=,LNg23UR+Q7QB+M4o9/AHSaGs81s=
70,4,uelwgI4s2QmMfYwAGmIccUHe0tI=,LNg23UR+Q7QB+M4o9/AHSaGs81s=
71,4,uelwgI4s2QmMfYwAGmIccUHe0tI=,LNg23UR+Q7QB+M4o9/AHSaGs81s=
72,4,uelwgI4s2QmMfYwAGmIccUHe0tI=,LNg23UR+Q7QB+M4o9/AHSaGs81s=
73,4,uelwgI4s2QmMfYwAGmIccUHe0tI=,LNg23UR+Q7QB+M4o9/AHSaGs81s=
74,4,uelwgI4s2QmMfYwAGmIccUHe0tI=,LNg23UR+Q7QB+M4o9/AHSaGs81s=
75,4,uelwgI4s2QmMfYwAGmIccUHe0tI=,LNg23UR+Q7QB+M4o9/AHSaGs81s=
76,4,uelwgI4s2QmMfYwAGmIccUHe0tI=,LNg23UR+Q7QB+M4o9/AHSaGs81s=
77,4,uelwgI4s2QmMfYwAGmIccUHe0tI=,LNg23UR+Q7QB+M4o9/AHSaGs81s=
78,4,uelwgI4s2QmMfYwAGmIccUHe0tI=,LNg23UR+Q7QB+M4o9/AHSaGs81s=
79,4,uelwgI4s2QmMfYwAGmIccUHe0tI=,LNg23UR+Q7QB+M4o9/AHSaGs81s=
70,0,uelwgI4s2QmMfYwAGmIccUHe0tI=,LNg23UR+Q7QB+M4o9/AHSaGs81s=
64,5,uelwgI4s2QmMfYwAGmIccUHe0tI=,LNg23UR+Q7QB+M4o9/AHSaGs81s=
65,5,uelwgI4s2QmMfYwAGmIccUHe0tI=,LNg23UR+Q7QB+M4o9/AHSaGs81s=
66,5,uelwgI4s2QmMfYwAGmIccUHe0tI=,LNg23UR+Q7QB+M4o9/AHSaGs81s=
67,5,uelwgI4s2QmMfYwAGmIccUHe0tI=,LNg23UR+Q7QB+M4o9/AHSaGs81s=
68,5,uelwgI4s2QmMfYwAGmIccUHe0tI=,LNg23UR+Q7QB+M4o9/AHSaGs81s=
67,2,uelwgI4s2QmMfYwAGmIccUHe0tI=,LNg23UR+Q7QB+M4o9/AHSaGs81s=
69,5,uelwgI4s2QmMfYwAGmIccUHe0tI=,LNg23UR+Q7QB+M4o9/AHSaGs81s=
71,0,uelwgI4s2QmMfYwAGmIccUHe0tI=,LNg23UR+Q7QB+M4o9/AHSaGs81s=
70,5,uelwgI4s2QmMfYwAGmIccUHe0tI=,LNg23UR+Q7QB+M4o9/AHSaGs81s=
71,5,uelwgI4s2QmMfYwAGmIccUHe0tI=,LNg23UR+Q7QB+M4o9/AHSaGs81s=
72,5,uelwgI4s2QmMfYwAGmIccUHe0tI=,LNg23UR+Q7QB+M4o9/AHSaGs81s=
74,5,uelwgI4s2QmMfYwAGmIccUHe0tI=,LNg23UR+Q7QB+M4o9/AHSaGs81s=
73,5,uelwgI4s2QmMfYwAGmIccUHe0tI=,LNg23UR+Q7QB+M4o9/AHSaGs81s=
75,5,uelwgI4s2QmMfYwAGmIccUHe0tI=,LNg23UR+Q7QB+M4o9/AHSaGs81s=
76,5,uelwgI4s2QmMfYwAGmIccUHe0tI=,LNg23UR+Q7QB+M4o9/AHSaGs81s=
77,5,uelwgI4s2QmMfYwAGmIccUHe0tI=,LNg23UR+Q7QB+M4o9/AHSaGs81s=
78,5,uelwgI4s2QmMfYwAGmIccUHe0tI=,LNg23UR+Q7QB+M4o9/AHSaGs81s=
79,5,uelwgI4s2QmMfYwAGmIccUHe0tI=,LNg23UR+Q7QB+M4o9/AHSaGs81s=
64,6,uelwgI4s2QmMfYwAGmIccUHe0tI=,LNg23UR+Q7QB+M4o9/AHSaGs81s=
65,6,uelwgI4s2QmMfYwAGmIccUHe0tI=,LNg23UR+Q7QB+M4o9/AHSaGs81s=
66,6,uelwgI4s2QmMfYwAGmIccUHe0tI=,LNg23UR+Q7QB+M4o9/AHSaGs81s=
67,6,uelwgI4s2QmMfYwAGmIccUHe0tI=,LNg23UR+Q7QB+M4o9/AHSaGs81s=
68,6,uelwgI4s2QmMfYwAGmIccUHe0tI=,LNg23UR+Q7QB+M4o9/AHSaGs81s=
69,6,uelwgI4s2QmMfYwAGmIccUHe0tI=,LNg23UR+Q7QB+M4o9/AHSaGs81s=
68,2,uelwgI4s2QmMfYwAGmIccUHe0tI=,LNg23UR+Q7QB+M4o9/AHSaGs81s=
72,0,uelwgI4s2QmMfYwAGmIccUHe0tI=,LNg23UR+Q7QB+M4o9/AHSaGs81s=
70,6,uelwgI4s2QmMfYwAGmIccUHe0tI=,LNg23UR+Q7QB+M4o9/AHSaGs81s=
71,6,uelwgI4s2QmMfYwAGmIccUHe0tI=,LNg23UR+Q7QB+M4o9/AHSaGs81s=
72,6,uelwgI4s2QmMfYwAGmIccUHe0tI=,LNg23UR+Q7QB+M4o9/AHSaGs81s=
73,6,uelwgI4s2QmMfYwAGmIccUHe0tI=,LNg23UR+Q7QB+M4o9/AHSaGs81s=
74,6,uelwgI4s2QmMfYwAGmIccUHe0tI=,LNg23UR+Q7QB+M4o9/AHSaGs81s=
75,6,uelwgI4s2QmMfYwAGmIccUHe0tI=,LNg23UR+Q7QB+M4o9/AHSaGs81s=
76,6,uelwgI4s2QmMfYwAGmIccUHe0tI=,LNg23UR+Q7QB+M4o9/AHSaGs81s=
77,6,uelwgI4s2QmMfYwAGmIccUHe0tI=,LNg23UR+Q7QB+M4o9/AHSaGs81s=
78,6,uelwgI4s2QmMfYwAGmIccUHe0tI=,LNg23UR+Q7QB+M4o9/AHSaGs81s=
79,6,uelwgI4s2QmMfYwAGmIccUHe0tI=,LNg23UR+Q7QB+M4o9/AHSaGs81s=
64,7,uelwgI4s2QmMfYwAGmIccUHe0tI=,LNg23UR+Q7QB+M4o9/AHSaGs81s=
65,7,uelwgI4s2QmMfYwAGmIccUHe0tI=,LNg23UR+Q7QB+M4o9/AHSaGs81s=
66,7,uelwgI4s2QmMfYwAGmIccUHe0tI=,LNg23UR+Q7QB+M4o9/AHSaGs81s=
67,7,uelwgI4s2QmMfYwAGmIccUHe0tI=,LNg23UR+Q7QB+M4o9/AHSaGs81s=
68,7,uelwgI4s2QmMfYwAGmIccUHe0tI=,LNg23UR+Q7QB+M4o9/AHSaGs81s=
69,7,uelwgI4s2QmMfYwAGmIccUHe0tI=,LNg23UR+Q7QB+M4o9/AHSaGs81s=
70,7,uelwgI4s2QmMfYwAGmIccUHe0tI=,LNg23UR+Q7QB+M4o9/AHSaGs81s=
69,2,uelwgI4s2QmMfYwAGmIccUHe0tI=,LNg23UR+Q7QB+M4o9/AHSaGs81s=
71,7,uelwgI4s2QmMfYwAGmIccUHe0tI=,LNg23UR+Q7QB+M4o9/AHSaGs81s=
73,0,uelwgI4s2QmMfYwAGmIccUHe0tI=,LNg23UR+Q7QB+M4o9/AHSaGs81s=
72,7,uelwgI4s2QmMfYwAGmIccUHe0tI=,LNg23UR+Q7QB+M4o9/AHSaGs81s=
73,7,uelwgI4s2QmMfYwAGmIccUHe0tI=,LNg23UR+Q7QB+M4o9/AHSaGs81s=
74,7,uelwgI4s2QmMfYwAGmIccUHe0tI=,LNg23UR+Q7QB+M4o9/AHSaGs81s=
75,7,uelwgI4s2QmMfYwAGmIccUHe0tI=,LNg23UR+Q7QB+M4o9/AHSaGs81s=
76,7,uelwgI4s2QmMfYwAGmIccUHe0tI=,LNg23UR+Q7QB+M4o9/AHSaGs81s=
77,7,uelwgI4s2QmMfYwAGmIccUHe0tI=,LNg23UR+Q7QB+M4o9/AHSaGs81s=
78,7,uelwgI4s2QmMfYwAGmIccUHe0tI=,LNg23UR+Q7QB+M4o9/AHSaGs81s=
79,7,uelwgI4s2QmMfYwAGmIccUHe0tI=,LNg23UR+Q7QB+M4o9/AHSaGs81s=
64,8,uelwgI4s2QmMfYwAGmIccUHe0tI=,LNg23UR+Q7QB+M4o9/AHSaGs81s=
65,8,uelwgI4s2QmMfYwAGmIccUHe0tI=,LNg23UR+Q7QB+M4o9/AHSaGs81s=
66,8,uelwgI4s2QmMfYwAGmIccUHe0tI=,LNg23UR+Q7QB+M4o9/AHSaGs81s=
67,8,uelwgI4s2QmMfYwAGmIccUHe0tI=,LNg23UR+Q7QB+M4o9/AHSaGs81s=
68,8,uelwgI4s2QmMfYwAGmIccUHe0tI=,LNg23UR+Q7QB+M4o9/AHSaGs81s=
69,8,uelwgI4s2QmMfYwAGmIccUHe0tI=,LNg23UR+Q7QB+M4o9/AHSaGs81s=
70,8,uelwgI4s2QmMfYwAGmIccUHe0tI=,LNg23UR+Q7QB+M4o9/AHSaGs81s=
71,8,uelwgI4s2QmMfYwAGmIccUHe0tI=,LNg23UR+Q7QB+M4o9/AHSaGs81s=
70,2,uelwgI4s2QmMfYwAGmIccUHe0tI=,LNg23UR+Q7QB+M4o9/AHSaGs81s=
72,8,uelwgI4s2QmMfYwAGmIccUHe0tI=,LNg23UR+Q7QB+M4o9/AHSaGs81s=
74,0,uelwgI4s2QmMfYwAGmIccUHe0tI=,LNg23UR+Q7QB+M4o9/AHSaGs81s=
73,8,uelwgI4s2QmMfYwAGmIccUHe0tI=,LNg23UR+Q7QB+M4o9/AHSaGs81s=
74,8,uelwgI4s2QmMfYwAGmIccUHe0tI=,LNg23UR+Q7QB+M4o9/AHSaGs81s=
75,8,uelwgI4s2QmMfYwAGmIccUHe0tI=,LNg23UR+Q7QB+M4o9/AHSaGs81s=
76,8,uelwgI4s2QmMfYwAGmIccUHe0tI=,LNg23UR+Q7QB+M4o9/AHSaGs81s=
77,8,uelwgI4s2QmMfYwAGmIccUHe0tI=,LNg23UR+Q7QB+M4o9/AHSaGs81s=
78,8,uelwgI4s2QmMfYwAGmIccUHe0tI=,LNg23UR+Q7QB+M4o9/AHSaGs81s=
79,8,uelwgI4s2QmMfYwAGmIccUHe0tI=,LNg23UR+Q7QB+M4o9/AHSaGs81s=
64,9,uelwgI4s2QmMfYwAGmIccUHe0tI=,LNg23UR+Q7QB+M4o9/AHSaGs81s=
65,9,uelwgI4s2QmMfYwAGmIccUHe0tI=,LNg23UR+Q7QB+M4o9/AHSaGs81s=
66,9,uelwgI4s2QmMfYwAGmIccUHe0tI=,LNg23UR+Q7QB+M4o9/AHSaGs81s=
67,9,uelwgI4s2QmMfYwAGmIccUHe0tI=,LNg23UR+Q7QB+M4o9/AHSaGs81s=
68,9,uelwgI4s2QmMfYwAGmIccUHe0tI=,LNg23UR+Q7QB+M4o9/AHSaGs81s=
69,9,uelwgI4s2QmMfYwAGmIccUHe0tI=,LNg23UR+Q7QB+M4o9/AHSaGs81s=
70,9,uelwgI4s2QmMfYwAGmIccUHe0tI=,LNg23UR+Q7QB+M4o9/AHSaGs81s=
71,9,uelwgI4s2QmMfYwAGmIccUHe0tI=,LNg23UR+Q7QB+M4o9/AHSaGs81s=
72,9,uelwgI4s2QmMfYwAGmIccUHe0tI=,LNg23UR+Q7QB+M4o9/AHSaGs81s=
71,2,uelwgI4s2QmMfYwAGmIccUHe0tI=,LNg23UR+Q7QB+M4o9/AHSaGs81s=
75,0,uelwgI4s2QmMfYwAGmIccUHe0tI=,LNg23UR+Q7QB+M4o9/AHSaGs81s=
73,9,uelwgI4s2QmMfYwAGmIccUHe0tI=,LNg23UR+Q7QB+M4o9/AHSaGs81s=
74,9,uelwgI4s2QmMfYwAGmIccUHe0tI=,LNg23UR+Q7QB+M4o9/AHSaGs81s=
75,9,uelwgI4s2QmMfYwAGmIccUHe0tI=,LNg23UR+Q7QB+M4o9/AHSaGs81s=
76,9,uelwgI4s2QmMfYwAGmIccUHe0tI=,LNg23UR+Q7QB+M4o9/AHSaGs81s=
77,9,uelwgI4s2QmMfYwAGmIccUHe0tI=,LNg23UR+Q7QB+M4o9/AHSaGs81s=
78,9,uelwgI4s2QmMfYwAGmIccUHe0tI=,LNg23UR+Q7QB+M4o9/AHSaGs81s=
79,9,uelwgI4s2QmMfYwAGmIccUHe0tI=,LNg23UR+Q7QB+M4o9/AHSaGs81s=
64,10,uelwgI4s2QmMfYwAGmIccUHe0tI=,LNg23UR+Q7QB+M4o9/AHSaGs81s=
65,10,uelwgI4s2QmMfYwAGmIccUHe0tI=,LNg23UR+Q7QB+M4o9/AHSaGs81s=
66,10,uelwgI4s2QmMfYwAGmIccUHe0tI=,LNg23UR+Q7QB+M4o9/AHSaGs81s=
67,10,uelwgI4s2QmMfYwAGmIccUHe0tI=,LNg23UR+Q7QB+M4o9/AHSaGs81s=
68,10,uelwgI4s2QmMfYwAGmIccUHe0tI=,LNg23UR+Q7QB+M4o9/AHSaGs81s=
69,10,uelwgI4s2QmMfYwAGmIccUHe0tI=,LNg23UR+Q7QB+M4o9/AHSaGs81s=
70,10,uelwgI4s2QmMfYwAGmIccUHe0tI=,LNg23UR+Q7QB+M4o9/AHSaGs81s=
71,10,uelwgI4s2QmMfYwAGmIccUHe0tI=,LNg23UR+Q7QB+M4o9/AHSaGs81s=
72,10,uelwgI4s2QmMfYwAGmIccUHe0tI=,LNg23UR+Q7QB+M4o9/AHSaGs81s=
73,10,uelwgI4s2QmMfYwAGmIccUHe0tI=,LNg23UR+Q7QB+M4o9/AHSaGs81s=
72,2,uelwgI4s2QmMfYwAGmIccUHe0tI=,LNg23UR+Q7QB+M4o9/AHSaGs81s=
76,0,uelwgI4s2QmMfYwAGmIccUHe0tI=,LNg23UR+Q7QB+M4o9/AHSaGs81s=
74,10,uelwgI4s2QmMfYwAGmIccUHe0tI=,LNg23UR+Q7QB+M4o9/AHSaGs81s=
75,10,uelwgI4s2QmMfYwAGmIccUHe0tI=,LNg23UR+Q7QB+M4o9/AHSaGs81s=
76,10,uelwgI4s2QmMfYwAGmIccUHe0tI=,LNg23UR+Q7QB+M4o9/AHSaGs81s=
77,10,uelwgI4s2QmMfYwAGmIccUHe0tI=,LNg23UR+Q7QB+M4o9/AHSaGs81s=
78,10,uelwgI4s2QmMfYwAGmIccUHe0tI=,LNg23UR+Q7QB+M4o9/AHSaGs81s=
79,10,uelwgI4s2QmMfYwAGmIccUHe0tI=,LNg23UR+Q7QB+M4o9/AHSaGs81s=
64,11,uelwgI4s2QmMfYwAGmIccUHe0tI=,LNg23UR+Q7QB+M4o9/AHSaGs81s=
65,11,uelwgI4s2QmMfYwAGmIccUHe0tI=,LNg23UR+Q7QB+M4o9/AHSaGs81s=
66,11,uelwgI4s2QmMfYwAGmIccUHe0tI=,LNg23UR+Q7QB+M4o9/AHSaGs81s=
67,11,uelwgI4s2QmMfYwAGmIccUHe0tI=,LNg23UR+Q7QB+M4o9/AHSaGs81s=
68,11,uelwgI4s2QmMfYwAGmIccUHe0tI=,LNg23UR+Q7QB+M4o9/AHSaGs81s=
69,11,uelwgI4s2QmMfYwAGmIccUHe0tI=,LNg23UR+Q7QB+M4o9/AHSaGs81s=
70,11,uelwgI4s2QmMfYwAGmIccUHe0tI=,LNg23UR+Q7QB+M4o9/AHSaGs81s=
71,11,uelwgI4s2QmMfYwAGmIccUHe0tI=,LNg23UR+Q7QB+M4o9/AHSaGs81s=
72,11,uelwgI4s2QmMfYwAGmIccUHe0tI=,LNg23UR+Q7QB+M4o9/AHSaGs81s=
73,11,uelwgI4s2QmMfYwAGmIccUHe0tI=,LNg23UR+Q7QB+M4o9/AHSaGs81s=
74,11,uelwgI4s2QmMfYwAGmIccUHe0tI=,LNg23UR+Q7QB+M4o9/AHSaGs81s=
73,2,uelwgI4s2QmMfYwAGmIccUHe0tI=,LNg23UR+Q7QB+M4o9/AHSaGs81s=
77,0,uelwgI4s2QmMfYwAGmIccUHe0tI=,LNg23UR+Q7QB+M4o9/AHSaGs81s=
75,11,uelwgI4s2QmMfYwAGmIccUHe0tI=,LNg23UR+Q7QB+M4o9/AHSaGs81s=
76,11,uelwgI4s2QmMfYwAGmIccUHe0tI=,LNg23UR+Q7QB+M4o9/AHSaGs81s=
77,11,uelwgI4s2QmMfYwAGmIccUHe0tI=,LNg23UR+Q7QB+M4o9/AHSaGs81s=
78,11,uelwgI4s2QmMfYwAGmIccUHe0tI=,LNg23UR+Q7QB+M4o9/AHSaGs81s=
79,11,uelwgI4s2QmMfYwAGmIccUHe0tI=,LNg23UR+Q7QB+M4o9/AHSaGs81s=
64,12,uelwgI4s2QmMfYwAGmIccUHe0tI=,LNg23UR+Q7QB+M4o9/AHSaGs81s=
65,12,uelwgI4s2QmMfYwAGmIccUHe0tI=,LNg23UR+Q7QB+M4o9/AHSaGs81s=
66,12,uelwgI4s2QmMfYwAGmIccUHe0tI=,LNg23UR+Q7QB+M4o9/AHSaGs81s=
67,12,uelwgI4s2QmMfYwAGmIccUHe0tI=,LNg23UR+Q7QB+M4o9/AHSaGs81s=
68,12,uelwgI4s2QmMfYwAGmIccUHe0tI=,LNg23UR+Q7QB+M4o9/AHSaGs81s=
69,12,uelwgI4s2QmMfYwAGmIccUHe0tI=,LNg23UR+Q7QB+M4o9/AHSaGs81s=
70,12,uelwgI4s2QmMfYwAGmIccUHe0tI=,LNg23UR+Q7QB+M4o9/AHSaGs81s=
71,12,uelwgI4s2QmMfYwAGmIccUHe0tI=,LNg23UR+Q7QB+M4o9/AHSaGs81s=
72,12,uelwgI4s2QmMfYwAGmIccUHe0tI=,LNg23UR+Q7QB+M4o9/AHSaGs81s=
73,12,uelwgI4s2QmMfYwAGmIccUHe0tI=,LNg23UR+Q7QB+M4o9/AHSaGs81s=
74,12,uelwgI4s2QmMfYwAGmIccUHe0tI=,LNg23UR+Q7QB+M4o9/AHSaGs81s=
75,12,uelwgI4s2QmMfYwAGmIccUHe0tI=,LNg23UR+Q7QB+M4o9/AHSaGs81s=
74,2,uelwgI4s2QmMfYwAGmIccUHe0tI=,LNg23UR+Q7QB+M4o9/AHSaGs81s=
76,12,uelwgI4s2QmMfYwAGmIccUHe0tI=,LNg23UR+Q7QB+M4o9/AHSaGs81s=
78,0,uelwgI4s2QmMfYwAGmIccUHe0tI=,LNg23UR+Q7QB+M4o9/AHSaGs81s=
77,12,uelwgI4s2QmMfYwAGmIccUHe0tI=,LNg23UR+Q7QB+M4o9/AHSaGs81s=
78,12,uelwgI4s2QmMfYwAGmIccUHe0tI=,LNg23UR+Q7QB+M4o9/AHSaGs81s=
79,12,uelwgI4s2QmMfYwAGmIccUHe0tI=,LNg23UR+Q7QB+M4o9/AHSaGs81s=
64,13,uelwgI4s2QmMfYwAGmIccUHe0tI=,LNg23UR+Q7QB+M4o9/AHSaGs81s=
65,0,uelwgI4s2QmMfYwAGmIccUHe0tI=,LNg23UR+Q7QB+M4o9/AHSaGs81s=
65,13,uelwgI4s2QmMfYwAGmIccUHe0tI=,LNg23UR+Q7QB+M4o9/AHSaGs81s=
66,13,uelwgI4s2QmMfYwAGmIccUHe0tI=,LNg23UR+Q7QB+M4o9/AHSaGs81s=
67,13,uelwgI4s2QmMfYwAGmIccUHe0tI=,LNg23UR+Q7QB+M4o9/AHSaGs81s=
68,13,uelwgI4s2QmMfYwAGmIccUHe0tI=,LNg23UR+Q7QB+M4o9/AHSaGs81s=
69,13,uelwgI4s2QmMfYwAGmIccUHe0tI=,LNg23UR+Q7QB+M4o9/AHSaGs81s=
70,13,uelwgI4s2QmMfYwAGmIccUHe0tI=,LNg23UR+Q7QB+M4o9/AHSaGs81s=
71,13,uelwgI4s2QmMfYwAGmIccUHe0tI=,LNg23UR+Q7QB+M4o9/AHSaGs81s=
72,13,uelwgI4s2QmMfYwAGmIccUHe0tI=,LNg23UR+Q7QB+M4o9/AHSaGs81s=
73,13,uelwgI4s2QmMfYwAGmIccUHe0tI=,LNg23UR+Q7QB+M4o9/AHSaGs81s=
74,13,uelwgI4s2QmMfYwAGmIccUHe0tI=,LNg23UR+Q7QB+M4o9/AHSaGs81s=
75,13,uelwgI4s2QmMfYwAGmIccUHe0tI=,LNg23UR+Q7QB+M4o9/AHSaGs81s=
76,13,uelwgI4s2QmMfYwAGmIccUHe0tI=,LNg23UR+Q7QB+M4o9/AHSaGs81s=
75,2,uelwgI4s2QmMfYwAGmIccUHe0tI=,LNg23UR+Q7QB+M4o9/AHSaGs81s=
77,13,uelwgI4s2QmMfYwAGmIccUHe0tI=,LNg23UR+Q7QB+M4o9/AHSaGs81s=
79,0,uelwgI4s2QmMfYwAGmIccUHe0tI=,LNg23UR+Q7QB+M4o9/AHSaGs81s=
78,13,uelwgI4s2QmMfYwAGmIccUHe0tI=,LNg23UR+Q7QB+M4o9/AHSaGs81s=
64,1,uelwgI4s2QmMfYwAGmIccUHe0tI=,LNg23UR+Q7QB+M4o9/AHSaGs81s=
79,13,uelwgI4s2QmMfYwAGmIccUHe0tI=,LNg23UR+Q7QB+M4o9/AHSaGs81s=
64,14,uelwgI4s2QmMfYwAGmIccUHe0tI=,LNg23UR+Q7QB+M4o9/AHSaGs81s=
65,14,uelwgI4s2QmMfYwAGmIccUHe0tI=,LNg23UR+Q7QB+M4o9/AHSaGs81s=
66,14,uelwgI4s2QmMfYwAGmIccUHe0tI=,LNg23UR+Q7QB+M4o9/AHSaGs81s=
67,14,uelwgI4s2QmMfYwAGmIccUHe0tI=,LNg23UR+Q7QB+M4o9/AHSaGs81s=
68,14,uelwgI4s2QmMfYwAGmIccUHe0tI=,LNg23UR+Q7QB+M4o9/AHSaGs81s=
69,14,uelwgI4s2QmMfYwAGmIccUHe0tI=,LNg23UR+Q7QB+M4o9/AHSaGs81s=
70,14,uelwgI4s2QmMfYwAGmIccUHe0tI=,LNg23UR+Q7QB+M4o9/AHSaGs81s=
71,14,uelwgI4s2QmMfYwAGmIccUHe0tI=,LNg23UR+Q7QB+M4o9/AHSaGs81s=
72,14,uelwgI4s2QmMfYwAGmIccUHe0tI=,LNg23UR+Q7QB+M4o9/AHSaGs81s=
73,14,uelwgI4s2QmMfYwAGmIccUHe0tI=,LNg23UR+Q7QB+M4o9/AHSaGs81s=
74,14,uelwgI4s2QmMfYwAGmIccUHe0tI=,LNg23UR+Q7QB+M4o9/AHSaGs81s=
75,14,uelwgI4s2QmMfYwAGmIccUHe0tI=,LNg23UR+Q7QB+M4o9/AHSaGs81s=
76,14,uelwgI4s2QmMfYwAGmIccUHe0tI=,LNg23UR+Q7QB+M4o9/AHSaGs81s=
77,14,uelwgI4s2QmMfYwAGmIccUHe0tI=,LNg23UR+Q7QB+M4o9/AHSaGs81s=
76,2,uelwgI4s2QmMfYwAGmIccUHe0tI=,LNg23UR+Q7QB+M4o9/AHSaGs81s=
78,14,uelwgI4s2QmMfYwAGmIccUHe0tI=,LNg23UR+Q7QB+M4o9/AHSaGs81s=
66,0,uelwgI4s2QmMfYwAGmIccUHe0tI=,LNg23UR+Q7QB+M4o9/AHSaGs81s=
79,14,uelwgI4s2QmMfYwAGmIccUHe0tI=,LNg23UR+Q7QB+M4o9/AHSaGs81s=
66,1,uelwgI4s2QmMfYwAGmIccUHe0tI=,LNg23UR+Q7QB+M4o9/AHSaGs81s=
67,1,uelwgI4s2QmMfYwAGmIccUHe0tI=,LNg23UR+Q7QB+M4o9/AHSaGs81s=
68,1,uelwgI4s2QmMfYwAGmIccUHe0tI=,LNg23UR+Q7QB+M4o9/AHSaGs81s=
69,1,uelwgI4s2QmMfYwAGmIccUHe0tI=,LNg23UR+Q7QB+M4o9/AHSaGs81s=
70,1,uelwgI4s2QmMfYwAGmIccUHe0tI=,LNg23UR+Q7QB+M4o9/AHSaGs81s=
71,1,uelwgI4s2QmMfYwAGmIccUHe0tI=,LNg23UR+Q7QB+M4o9/AHSaGs81s=
72,1,uelwgI4s2QmMfYwAGmIccUHe0tI=,LNg23UR+Q7QB+M4o9/AHSaGs81s=
73,1,uelwgI4s2QmMfYwAGmIccUHe0tI=,LNg23UR+Q7QB+M4o9/AHSaGs81s=
64,15,uelwgI4s2QmMfYwAGmIccUHe0tI=,LNg23UR+Q7QB+M4o9/AHSaGs81s=
74,1,uelwgI4s2QmMfYwAGmIccUHe0tI=,LNg23UR+Q7QB+M4o9/AHSaGs81s=
75,1,uelwgI4s2QmMfYwAGmIccUHe0tI=,LNg23UR+Q7QB+M4o9/AHSaGs81s=
76,1,uelwgI4s2QmMfYwAGmIccUHe0tI=,LNg23UR+Q7QB+M4o9/AHSaGs81s=
77,1,uelwgI4s2QmMfYwAGmIccUHe0tI=,LNg23UR+Q7QB+M4o9/AHSaGs81s=
78,1,uelwgI4s2QmMfYwAGmIccUHe0tI=,LNg23UR+Q7QB+M4o9/AHSaGs81s=
79,1,uelwgI4s2QmMfYwAGmIccUHe0tI=,LNg23UR+Q7QB+M4o9/AHSaGs81s=
65,1,uelwgI4s2QmMfYwAGmIccUHe0tI=,LNg23UR+Q7QB+M4o9/AHSaGs81s=
65,15,uelwgI4s2QmMfYwAGmIccUHe0tI=,LNg23UR+Q7QB+M4o9/AHSaGs81s=
66,15,uelwgI4s2QmMfYwAGmIccUHe0tI=,LNg23UR+Q7QB+M4o9/AHSaGs81s=
67,15,uelwgI4s2QmMfYwAGmIccUHe0tI=,LNg23UR+Q7QB+M4o9/AHSaGs81s=
68,15,uelwgI4s2QmMfYwAGmIccUHe0tI=,LNg23UR+Q7QB+M4o9/AHSaGs81s=
69,15,uelwgI4s2QmMfYwAGmIccUHe0tI=,LNg23UR+Q7QB+M4o9/AHSaGs81s=
70,15,uelwgI4s2QmMfYwAGmIccUHe0tI=,LNg23UR+Q7QB+M4o9/AHSaGs81s=
71,15,uelwgI4s2QmMfYwAGmIccUHe0tI=,LNg23UR+Q7QB+M4o9/AHSaGs81s=
72,15,uelwgI4s2QmMfYwAGmIccUHe0tI=,LNg23UR+Q7QB+M4o9/AHSaGs81s=
73,15,uelwgI4s2QmMfYwAGmIccUHe0tI=,LNg23UR+Q7QB+M4o9/AHSaGs81s=
74,15,uelwgI4s2QmMfYwAGmIccUHe0tI=,LNg23UR+Q7QB+M4o9/AHSaGs81s=
75,15,uelwgI4s2QmMfYwAGmIccUHe0tI=,LNg23UR+Q7QB+M4o9/AHSaGs81s=
76,15,uelwgI4s2QmMfYwAGmIccUHe0tI=,LNg23UR+Q7QB+M4o9/AHSaGs81s=
77,15,uelwgI4s2QmMfYwAGmIccUHe0tI=,LNg23UR+Q7QB+M4o9/AHSaGs81s=
78,15,uelwgI4s2QmMfYwAGmIccUHe0tI=,LNg23UR+Q7QB+M4o9/AHSaGs81s=
77,2,uelwgI4s2QmMfYwAGmIccUHe0tI=,LNg23UR+Q7QB+M4o9/AHSaGs81s=
67,0,uelwgI4s2QmMfYwAGmIccUHe0tI=,LNg23UR+Q7QB+M4o9/AHSaGs81s=
92,3,FOweEAJyxeQYJEvatdHHi+2ygzY=,ZEP8VbOHwYS132TLLAJpQT8WnB8=
95,15,FOweEAJyxeQYJEvatdHHi+2ygzY=,ZEP8VbOHwYS132TLLAJpQT8WnB8=
93,2,FOweEAJyxeQYJEvatdHHi+2ygzY=,ZEP8VbOHwYS132TLLAJpQT8WnB8=
92,2,FOweEAJyxeQYJEvatdHHi+2ygzY=,ZEP8VbOHwYS132TLLAJpQT8WnB8=
89,2,FOweEAJyxeQYJEvatdHHi+2ygzY=,ZEP8VbOHwYS132TLLAJpQT8WnB8=
90,2,FOweEAJyxeQYJEvatdHHi+2ygzY=,ZEP8VbOHwYS132TLLAJpQT8WnB8=
88,2,FOweEAJyxeQYJEvatdHHi+2ygzY=,ZEP8VbOHwYS132TLLAJpQT8WnB8=
87,2,FOweEAJyxeQYJEvatdHHi+2ygzY=,ZEP8VbOHwYS132TLLAJpQT8WnB8=
86,2,FOweEAJyxeQYJEvatdHHi+2ygzY=,ZEP8VbOHwYS132TLLAJpQT8WnB8=
84,2,FOweEAJyxeQYJEvatdHHi+2ygzY=,ZEP8VbOHwYS132TLLAJpQT8WnB8=
83,2,FOweEAJyxeQYJEvatdHHi+2ygzY=,ZEP8VbOHwYS132TLLAJpQT8WnB8=
91,2,FOweEAJyxeQYJEvatdHHi+2ygzY=,ZEP8VbOHwYS132TLLAJpQT8WnB8=
81,2,FOweEAJyxeQYJEvatdHHi+2ygzY=,ZEP8VbOHwYS132TLLAJpQT8WnB8=
91,3,FOweEAJyxeQYJEvatdHHi+2ygzY=,ZEP8VbOHwYS132TLLAJpQT8WnB8=
85,2,FOweEAJyxeQYJEvatdHHi+2ygzY=,ZEP8VbOHwYS132TLLAJpQT8WnB8=
82,2,FOweEAJyxeQYJEvatdHHi+2ygzY=,ZEP8VbOHwYS132TLLAJpQT8WnB8=
80,2,FOweEAJyxeQYJEvatdHHi+2ygzY=,ZEP8VbOHwYS132TLLAJpQT8WnB8=
94,15,FOweEAJyxeQYJEvatdHHi+2ygzY=,ZEP8VbOHwYS132TLLAJpQT8WnB8=
93,15,FOweEAJyxeQYJEvatdHHi+2ygzY=,ZEP8VbOHwYS132TLLAJpQT8WnB8=
92,15,FOweEAJyxeQYJEvatdHHi+2ygzY=,ZEP8VbOHwYS132TLLAJpQT8WnB8=
91,15,FOweEAJyxeQYJEvatdHHi+2ygzY=,ZEP8VbOHwYS132TLLAJpQT8WnB8=
83,0,FOweEAJyxeQYJEvatdHHi+2ygzY=,ZEP8VbOHwYS132TLLAJpQT8WnB8=
95,1,FOweEAJyxeQYJEvatdHHi+2ygzY=,ZEP8VbOHwYS132TLLAJpQT8WnB8=
90,15,FOweEAJyxeQYJEvatdHHi+2ygzY=,ZEP8VbOHwYS132TLLAJpQT8WnB8=
87,15,FOweEAJyxeQYJEvatdHHi+2ygzY=,ZEP8VbOHwYS132TLLAJpQT8WnB8=
86,15,FOweEAJyxeQYJEvatdHHi+2ygzY=,ZEP8VbOHwYS132TLLAJpQT8WnB8=
85,15,FOweEAJyxeQYJEvatdHHi+2ygzY=,ZEP8VbOHwYS132TLLAJpQT8WnB8=
84,15,FOweEAJyxeQYJEvatdHHi+2ygzY=,ZEP8VbOHwYS132TLLAJpQT8WnB8=
88,15,FOweEAJyxeQYJEvatdHHi+2ygzY=,ZEP8VbOHwYS132TLLAJpQT8WnB8=
83,15,FOweEAJyxeQYJEvatdHHi+2ygzY=,ZEP8VbOHwYS132TLLAJpQT8WnB8=
89,15,FOweEAJyxeQYJEvatdHHi+2ygzY=,ZEP8VbOHwYS132TLLAJpQT8WnB8=
82,15,FOweEAJyxeQYJEvatdHHi+2ygzY=,ZEP8VbOHwYS132TLLAJpQT8WnB8=
90,3,FOweEAJyxeQYJEvatdHHi+2ygzY=,ZEP8VbOHwYS132TLLAJpQT8WnB8=
95,14,FOweEAJyxeQYJEvatdHHi+2ygzY=,ZEP8VbOHwYS132TLLAJpQT8WnB8=
81,15,FOweEAJyxeQYJEvatdHHi+2ygzY=,ZEP8VbOHwYS132TLLAJpQT8WnB8=
80,15,FOweEAJyxeQYJEvatdHHi+2ygzY=,ZEP8VbOHwYS132TLLAJpQT8WnB8=
92,14,FOweEAJyxeQYJEvatdHHi+2ygzY=,ZEP8VbOHwYS132TLLAJpQT8WnB8=
90,14,FOweEAJyxeQYJEvatdHHi+2ygzY=,ZEP8VbOHwYS132TLLAJpQT8WnB8=
91,14,FOweEAJyxeQYJEvatdHHi+2ygzY=,ZEP8VbOHwYS132TLLAJpQT8WnB8=
93,14,FOweEAJyxeQYJEvatdHHi+2ygzY=,ZEP8VbOHwYS132TLLAJpQT8WnB8=
89,14,FOweEAJyxeQYJEvatdHHi+2ygzY=,ZEP8VbOHwYS132TLLAJpQT8WnB8=
88,14,FOweEAJyxeQYJEvatdHHi+2ygzY=,ZEP8VbOHwYS132TLLAJpQT8WnB8=
86,14,FOweEAJyxeQYJEvatdHHi+2ygzY=,ZEP8VbOHwYS132TLLAJpQT8WnB8=
85,14,FOweEAJyxeQYJEvatdHHi+2ygzY=,ZEP8VbOHwYS132TLLAJpQT8WnB8=
87,14,FOweEAJyxeQYJEvatdHHi+2ygzY=,ZEP8VbOHwYS132TLLAJpQT8WnB8=
83,14,FOweEAJyxeQYJEvatdHHi+2ygzY=,ZEP8VbOHwYS132TLLAJpQT8WnB8=
82,14,FOweEAJyxeQYJEvatdHHi+2ygzY=,ZEP8VbOHwYS132TLLAJpQT8WnB8=
89,3,FOweEAJyxeQYJEvatdHHi+2ygzY=,ZEP8VbOHwYS132TLLAJpQT8WnB8=
80,1,FOweEAJyxeQYJEvatdHHi+2ygzY=,ZEP8VbOHwYS132TLLAJpQT8WnB8=
84,14,FOweEAJyxeQYJEvatdHHi+2ygzY=,ZEP8VbOHwYS132TLLAJpQT8WnB8=
81,14,FOweEAJyxeQYJEvatdHHi+2ygzY=,ZEP8VbOHwYS132TLLAJpQT8WnB8=
95,13,FOweEAJyxeQYJEvatdHHi+2ygzY=,ZEP8VbOHwYS132TLLAJpQT8WnB8=
80,14,FOweEAJyxeQYJEvatdHHi+2ygzY=,ZEP8VbOHwYS132TLLAJpQT8WnB8=
94,13,FOweEAJyxeQYJEvatdHHi+2ygzY=,ZEP8VbOHwYS132TLLAJpQT8WnB8=
94,14,FOweEAJyxeQYJEvatdHHi+2ygzY=,ZEP8VbOHwYS132TLLAJpQT8WnB8=
93,13,FOweEAJyxeQYJEvatdHHi+2ygzY=,ZEP8VbOHwYS132TLLAJpQT8WnB8=
92,13,FOweEAJyxeQYJEvatdHHi+2ygzY=,ZEP8VbOHwYS132TLLAJpQT8WnB8=
90,13,FOweEAJyxeQYJEvatdHHi+2ygzY=,ZEP8VbOHwYS132TLLAJpQT8WnB8=
89,13,FOweEAJyxeQYJEvatdHHi+2ygzY=,ZEP8VbOHwYS132TLLAJpQT8WnB8=
91,13,FOweEAJyxeQYJEvatdHHi+2ygzY=,ZEP8VbOHwYS132TLLAJpQT8WnB8=
88,13,FOweEAJyxeQYJEvatdHHi+2ygzY=,ZEP8VbOHwYS132TLLAJpQT8WnB8=
86,13,FOweEAJyxeQYJEvatdHHi+2ygzY=,ZEP8VbOHwYS132TLLAJpQT8WnB8=
87,13,FOweEAJyxeQYJEvatdHHi+2ygzY=,ZEP8VbOHwYS132TLLAJpQT8WnB8=
85,13,FOweEAJyxeQYJEvatdHHi+2ygzY=,ZEP8VbOHwYS132TLLAJpQT8WnB8=
94,1,FOweEAJyxeQYJEvatdHHi+2ygzY=,ZEP8VbOHwYS132TLLAJpQT8WnB8=
84,13,FOweEAJyxeQYJEvatdHHi+2ygzY=,ZEP8VbOHwYS132TLLAJpQT8WnB8=
82,13,FOweEAJyxeQYJEvatdHHi+2ygzY=,ZEP8VbOHwYS132TLLAJpQT8WnB8=
83,13,FOweEAJyxeQYJEvatdHHi+2ygzY=,ZEP8VbOHwYS132TLLAJpQT8WnB8=
81,13,FOweEAJyxeQYJEvatdHHi+2ygzY=,ZEP8VbOHwYS132TLLAJpQT8WnB8=
80,13,FOweEAJyxeQYJEvatdHHi+2ygzY=,ZEP8VbOHwYS132TLLAJpQT8WnB8=
95,12,FOweEAJyxeQYJEvatdHHi+2ygzY=,ZEP8VbOHwYS132TLLAJpQT8WnB8=
93,12,FOweEAJyxeQYJEvatdHHi+2ygzY=,ZEP8VbOHwYS132TLLAJpQT8WnB8=
92,12,FOweEAJyxeQYJEvatdHHi+2ygzY=,ZEP8VbOHwYS132TLLAJpQT8WnB8=
91,12,FOweEAJyxeQYJEvatdHHi+2ygzY=,ZEP8VbOHwYS132TLLAJpQT8WnB8=
90,12,FOweEAJyxeQYJEvatdHHi+2ygzY=,ZEP8VbOHwYS132TLLAJpQT8WnB8=
89,12,FOweEAJyxeQYJEvatdHHi+2ygzY=,ZEP8VbOHwYS132TLLAJpQT8WnB8=
88,12,FOweEAJyxeQYJEvatdHHi+2ygzY=,ZEP8VbOHwYS132TLLAJpQT8WnB8=
87,12,FOweEAJyxeQYJEvatdHHi+2ygzY=,ZEP8VbOHwYS132TLLAJpQT8WnB8=
86,12,FOweEAJyxeQYJEvatdHHi+2ygzY=,ZEP8VbOHwYS132TLLAJpQT8WnB8=
85,12,FOweEAJyxeQYJEvatdHHi+2ygzY=,ZEP8VbOHwYS132TLLAJpQT8WnB8=
84,12,FOweEAJyxeQYJEvatdHHi+2ygzY=,ZEP8VbOHwYS132TLLAJpQT8WnB8=
81,1,FOweEAJyxeQYJEvatdHHi+2ygzY=,ZEP8VbOHwYS132TLLAJpQT8WnB8=
87,3,FOweEAJyxeQYJEvatdHHi+2ygzY=,ZEP8VbOHwYS132TLLAJpQT8WnB8=
83,12,FOweEAJyxeQYJEvatdHHi+2ygzY=,ZEP8VbOHwYS132TLLAJpQT8WnB8=
82,12,FOweEAJyxeQYJEvatdHHi+2ygzY=,ZEP8VbOHwYS132TLLAJpQT8WnB8=
81,12,FOweEAJyxeQYJEvatdHHi+2ygzY=,ZEP8VbOHwYS132TLLAJpQT8WnB8=
94,12,FOweEAJyxeQYJEvatdHHi+2ygzY=,ZEP8VbOHwYS132TLLAJpQT8WnB8=
95,0,FOweEAJyxeQYJEvatdHHi+2ygzY=,ZEP8VbOHwYS132TLLAJpQT8WnB8=
95,11,FOweEAJyxeQYJEvatdHHi+2ygzY=,ZEP8VbOHwYS132TLLAJpQT8WnB8=
94,11,FOweEAJyxeQYJEvatdHHi+2ygzY=,ZEP8VbOHwYS132TLLAJpQT8WnB8=
93,11,FOweEAJyxeQYJEvatdHHi+2ygzY=,ZEP8VbOHwYS132TLLAJpQT8WnB8=
80,12,FOweEAJyxeQYJEvatdHHi+2ygzY=,ZEP8VbOHwYS132TLLAJpQT8WnB8=
92,11,FOweEAJyxeQYJEvatdHHi+2ygzY=,ZEP8VbOHwYS132TLLAJpQT8WnB8=
91,11,FOweEAJyxeQYJEvatdHHi+2ygzY=,ZEP8VbOHwYS132TLLAJpQT8WnB8=
89,11,FOweEAJyxeQYJEvatdHHi+2ygzY=,ZEP8VbOHwYS132TLLAJpQT8WnB8=
90,11,FOweEAJyxeQYJEvatdHHi+2ygzY=,ZEP8VbOHwYS132TLLAJpQT8WnB8=
87,11,FOweEAJyxeQYJEvatdHHi+2ygzY=,ZEP8VbOHwYS132TLLAJpQT8WnB8=
88,11,FOweEAJyxeQYJEvatdHHi+2ygzY=,ZEP8VbOHwYS132TLLAJpQT8WnB8=
86,11,FOweEAJyxeQYJEvatdHHi+2ygzY=,ZEP8VbOHwYS132TLLAJpQT8WnB8=
85,11,FOweEAJyxeQYJEvatdHHi+2ygzY=,ZEP8VbOHwYS132TLLAJpQT8WnB8=
91,1,FOweEAJyxeQYJEvatdHHi+2ygzY=,ZEP8VbOHwYS132TLLAJpQT8WnB8=
86,3,FOweEAJyxeQYJEvatdHHi+2ygzY=,ZEP8VbOHwYS132TLLAJpQT8WnB8=
84,11,FOweEAJyxeQYJEvatdHHi+2ygzY=,ZEP8VbOHwYS132TLLAJpQT8WnB8=
83,11,FOweEAJyxeQYJEvatdHHi+2ygzY=,ZEP8VbOHwYS132TLLAJpQT8WnB8=
82,11,FOweEAJyxeQYJEvatdHHi+2ygzY=,ZEP8VbOHwYS132TLLAJpQT8WnB8=
81,11,FOweEAJyxeQYJEvatdHHi+2ygzY=,ZEP8VbOHwYS132TLLAJpQT8WnB8=
94,0,FOweEAJyxeQYJEvatdHHi+2ygzY=,ZEP8VbOHwYS132TLLAJpQT8WnB8=
93,10,FOweEAJyxeQYJEvatdHHi+2ygzY=,ZEP8VbOHwYS132TLLAJpQT8WnB8=
91,10,FOweEAJyxeQYJEvatdHHi+2ygzY=,ZEP8VbOHwYS132TLLAJpQT8WnB8=
92,10,FOweEAJyxeQYJEvatdHHi+2ygzY=,ZEP8VbOHwYS132TLLAJpQT8WnB8=
90,10,FOweEAJyxeQYJEvatdHHi+2ygzY=,ZEP8VbOHwYS132TLLAJpQT8WnB8=
89,10,FOweEAJyxeQYJEvatdHHi+2ygzY=,ZEP8VbOHwYS132TLLAJpQT8WnB8=
88,10,FOweEAJyxeQYJEvatdHHi+2ygzY=,ZEP8VbOHwYS132TLLAJpQT8WnB8=
87,10,FOweEAJyxeQYJEvatdHHi+2ygzY=,ZEP8VbOHwYS132TLLAJpQT8WnB8=
86,10,FOweEAJyxeQYJEvatdHHi+2ygzY=,ZEP8VbOHwYS132TLLAJpQT8WnB8=
90,1,FOweEAJyxeQYJEvatdHHi+2ygzY=,ZEP8VbOHwYS132TLLAJpQT8WnB8=
85,3,FOweEAJyxeQYJEvatdHHi+2ygzY=,ZEP8VbOHwYS132TLLAJpQT8WnB8=
85,10,FOweEAJyxeQYJEvatdHHi+2ygzY=,ZEP8VbOHwYS132TLLAJpQT8WnB8=
84,10,FOweEAJyxeQYJEvatdHHi+2ygzY=,ZEP8VbOHwYS132TLLAJpQT8WnB8=
83,10,FOweEAJyxeQYJEvatdHHi+2ygzY=,ZEP8VbOHwYS132TLLAJpQT8WnB8=
82,10,FOweEAJyxeQYJEvatdHHi+2ygzY=,ZEP8VbOHwYS132TLLAJpQT8WnB8=
81,10,FOweEAJyxeQYJEvatdHHi+2ygzY=,ZEP8VbOHwYS132TLLAJpQT8WnB8=
80,10,FOweEAJyxeQYJEvatdHHi+2ygzY=,ZEP8VbOHwYS132TLLAJpQT8WnB8=
89,1,FOweEAJyxeQYJEvatdHHi+2ygzY=,ZEP8VbOHwYS132TLLAJpQT8WnB8=
95,9,FOweEAJyxeQYJEvatdHHi+2ygzY=,ZEP8VbOHwYS132TLLAJpQT8WnB8=
94,9,FOweEAJyxeQYJEvatdHHi+2ygzY=,ZEP8VbOHwYS132TLLAJpQT8WnB8=
93,9,FOweEAJyxeQYJEvatdHHi+2ygzY=,ZEP8VbOHwYS132TLLAJpQT8WnB8=
92,9,FOweEAJyxeQYJEvatdHHi+2ygzY=,ZEP8VbOHwYS132TLLAJpQT8WnB8=
91,9,FOweEAJyxeQYJEvatdHHi+2ygzY=,ZEP8VbOHwYS132TLLAJpQT8WnB8=
90,9,FOweEAJyxeQYJEvatdHHi+2ygzY=,ZEP8VbOHwYS132TLLAJpQT8WnB8=
89,9,FOweEAJyxeQYJEvatdHHi+2ygzY=,ZEP8VbOHwYS132TLLAJpQT8WnB8=
88,9,FOweEAJyxeQYJEvatdHHi+2ygzY=,ZEP8VbOHwYS132TLLAJpQT8WnB8=
87,9,FOweEAJyxeQYJEvatdHHi+2ygzY=,ZEP8VbOHwYS132TLLAJpQT8WnB8=
92,0,FOweEAJyxeQYJEvatdHHi+2ygzY=,ZEP8VbOHwYS132TLLAJpQT8WnB8=
84,3,FOweEAJyxeQYJEvatdHHi+2ygzY=,ZEP8VbOHwYS132TLLAJpQT8WnB8=
95,10,FOweEAJyxeQYJEvatdHHi+2ygzY=,ZEP8VbOHwYS132TLLAJpQT8WnB8=
86,9,FOweEAJyxeQYJEvatdHHi+2ygzY=,ZEP8VbOHwYS132TLLAJpQT8WnB8=
85,9,FOweEAJyxeQYJEvatdHHi+2ygzY=,ZEP8VbOHwYS132TLLAJpQT8WnB8=
84,9,FOweEAJyxeQYJEvatdHHi+2ygzY=,ZEP8VbOHwYS132TLLAJpQT8WnB8=
83,9,FOweEAJyxeQYJEvatdHHi+2ygzY=,ZEP8VbOHwYS132TLLAJpQT8WnB8=
82,9,FOweEAJyxeQYJEvatdHHi+2ygzY=,ZEP8VbOHwYS132TLLAJpQT8WnB8=
81,9,FOweEAJyxeQYJEvatdHHi+2ygzY=,ZEP8VbOHwYS132TLLAJpQT8WnB8=
88,1,FOweEAJyxeQYJEvatdHHi+2ygzY=,ZEP8VbOHwYS132TLLAJpQT8WnB8=
80,9,FOweEAJyxeQYJEvatdHHi+2ygzY=,ZEP8VbOHwYS132TLLAJpQT8WnB8=
95,8,FOweEAJyxeQYJEvatdHHi+2ygzY=,ZEP8VbOHwYS132TLLAJpQT8WnB8=
94,8,FOweEAJyxeQYJEvatdHHi+2ygzY=,ZEP8VbOHwYS132TLLAJpQT8WnB8=
93,8,FOweEAJyxeQYJEvatdHHi+2ygzY=,ZEP8VbOHwYS132TLLAJpQT8WnB8=
80,11,FOweEAJyxeQYJEvatdHHi+2ygzY=,ZEP8VbOHwYS132TLLAJpQT8WnB8=
94,10,FOweEAJyxeQYJEvatdHHi+2ygzY=,ZEP8VbOHwYS132TLLAJpQT8WnB8=
90,8,FOweEAJyxeQYJEvatdHHi+2ygzY=,ZEP8VbOHwYS132TLLAJpQT8WnB8=
91,8,FOweEAJyxeQYJEvatdHHi+2ygzY=,ZEP8VbOHwYS132TLLAJpQT8WnB8=
89,8,FOweEAJyxeQYJEvatdHHi+2ygzY=,ZEP8VbOHwYS132TLLAJpQT8WnB8=
88,8,FOweEAJyxeQYJEvatdHHi+2ygzY=,ZEP8VbOHwYS132TLLAJpQT8WnB8=
92,1,FOweEAJyxeQYJEvatdHHi+2ygzY=,ZEP8VbOHwYS132TLLAJpQT8WnB8=
83,3,FOweEAJyxeQYJEvatdHHi+2ygzY=,ZEP8VbOHwYS132TLLAJpQT8WnB8=
87,8,FOweEAJyxeQYJEvatdHHi+2ygzY=,ZEP8VbOHwYS132TLLAJpQT8WnB8=
86,8,FOweEAJyxeQYJEvatdHHi+2ygzY=,ZEP8VbOHwYS132TLLAJpQT8WnB8=
85,8,FOweEAJyxeQYJEvatdHHi+2ygzY=,ZEP8VbOHwYS132TLLAJpQT8WnB8=
92,8,FOweEAJyxeQYJEvatdHHi+2ygzY=,ZEP8VbOHwYS132TLLAJpQT8WnB8=
93,0,FOweEAJyxeQYJEvatdHHi+2ygzY=,ZEP8VbOHwYS132TLLAJpQT8WnB8=
84,8,FOweEAJyxeQYJEvatdHHi+2ygzY=,ZEP8VbOHwYS132TLLAJpQT8WnB8=
83,8,FOweEAJyxeQYJEvatdHHi+2ygzY=,ZEP8VbOHwYS132TLLAJpQT8WnB8=
82,8,FOweEAJyxeQYJEvatdHHi+2ygzY=,ZEP8VbOHwYS132TLLAJpQT8WnB8=
87,1,FOweEAJyxeQYJEvatdHHi+2ygzY=,ZEP8VbOHwYS132TLLAJpQT8WnB8=
81,8,FOweEAJyxeQYJEvatdHHi+2ygzY=,ZEP8VbOHwYS132TLLAJpQT8WnB8=
80,8,FOweEAJyxeQYJEvatdHHi+2ygzY=,ZEP8VbOHwYS132TLLAJpQT8WnB8=
81,0,FOweEAJyxeQYJEvatdHHi+2ygzY=,ZEP8VbOHwYS132TLLAJpQT8WnB8=
95,7,FOweEAJyxeQYJEvatdHHi+2ygzY=,ZEP8VbOHwYS132TLLAJpQT8WnB8=
93,7,FOweEAJyxeQYJEvatdHHi+2ygzY=,ZEP8VbOHwYS132TLLAJpQT8WnB8=
94,7,FOweEAJyxeQYJEvatdHHi+2ygzY=,ZEP8VbOHwYS132TLLAJpQT8WnB8=
88,3,FOweEAJyxeQYJEvatdHHi+2ygzY=,ZEP8VbOHwYS132TLLAJpQT8WnB8=
92,7,FOweEAJyxeQYJEvatdHHi+2ygzY=,ZEP8VbOHwYS132TLLAJpQT8WnB8=
91,7,FOweEAJyxeQYJEvatdHHi+2ygzY=,ZEP8VbOHwYS132TLLAJpQT8WnB8=
89,7,FOweEAJyxeQYJEvatdHHi+2ygzY=,ZEP8VbOHwYS132TLLAJpQT8WnB8=
90,7,FOweEAJyxeQYJEvatdHHi+2ygzY=,ZEP8VbOHwYS132TLLAJpQT8WnB8=
91,0,FOweEAJyxeQYJEvatdHHi+2ygzY=,ZEP8VbOHwYS132TLLAJpQT8WnB8=
89,0,FOweEAJyxeQYJEvatdHHi+2ygzY=,ZEP8VbOHwYS132TLLAJpQT8WnB8=
86,7,FOweEAJyxeQYJEvatdHHi+2ygzY=,ZEP8VbOHwYS132TLLAJpQT8WnB8=
87,7,FOweEAJyxeQYJEvatdHHi+2ygzY=,ZEP8VbOHwYS132TLLAJpQT8WnB8=
85,7,FOweEAJyxeQYJEvatdHHi+2ygzY=,ZEP8VbOHwYS132TLLAJpQT8WnB8=
88,7,FOweEAJyxeQYJEvatdHHi+2ygzY=,ZEP8VbOHwYS132TLLAJpQT8WnB8=
82,3,FOweEAJyxeQYJEvatdHHi+2ygzY=,ZEP8VbOHwYS132TLLAJpQT8WnB8=
84,7,FOweEAJyxeQYJEvatdHHi+2ygzY=,ZEP8VbOHwYS132TLLAJpQT8WnB8=
83,7,FOweEAJyxeQYJEvatdHHi+2ygzY=,ZEP8VbOHwYS132TLLAJpQT8WnB8=
81,7,FOweEAJyxeQYJEvatdHHi+2ygzY=,ZEP8VbOHwYS132TLLAJpQT8WnB8=
80,7,FOweEAJyxeQYJEvatdHHi+2ygzY=,ZEP8VbOHwYS132TLLAJpQT8WnB8=
82,7,FOweEAJyxeQYJEvatdHHi+2ygzY=,ZEP8VbOHwYS132TLLAJpQT8WnB8=
94,6,FOweEAJyxeQYJEvatdHHi+2ygzY=,ZEP8VbOHwYS132TLLAJpQT8WnB8=
95,6,FOweEAJyxeQYJEvatdHHi+2ygzY=,ZEP8VbOHwYS132TLLAJpQT8WnB8=
93,6,FOweEAJyxeQYJEvatdHHi+2ygzY=,ZEP8VbOHwYS132TLLAJpQT8WnB8=
92,6,FOweEAJyxeQYJEvatdHHi+2ygzY=,ZEP8VbOHwYS132TLLAJpQT8WnB8=
91,6,FOweEAJyxeQYJEvatdHHi+2ygzY=,ZEP8VbOHwYS132TLLAJpQT8WnB8=
93,1,FOweEAJyxeQYJEvatdHHi+2ygzY=,ZEP8VbOHwYS132TLLAJpQT8WnB8=
88,0,FOweEAJyxeQYJEvatdHHi+2ygzY=,ZEP8VbOHwYS132TLLAJpQT8WnB8=
90,6,FOweEAJyxeQYJEvatdHHi+2ygzY=,ZEP8VbOHwYS132TLLAJpQT8WnB8=
89,6,FOweEAJyxeQYJEvatdHHi+2ygzY=,ZEP8VbOHwYS132TLLAJpQT8WnB8=
81,3,FOweEAJyxeQYJEvatdHHi+2ygzY=,ZEP8VbOHwYS132TLLAJpQT8WnB8=
88,6,FOweEAJyxeQYJEvatdHHi+2ygzY=,ZEP8VbOHwYS132TLLAJpQT8WnB8=
87,6,FOweEAJyxeQYJEvatdHHi+2ygzY=,ZEP8VbOHwYS132TLLAJpQT8WnB8=
86,6,FOweEAJyxeQYJEvatdHHi+2ygzY=,ZEP8VbOHwYS132TLLAJpQT8WnB8=
83,6,FOweEAJyxeQYJEvatdHHi+2ygzY=,ZEP8VbOHwYS132TLLAJpQT8WnB8=
82,6,FOweEAJyxeQYJEvatdHHi+2ygzY=,ZEP8VbOHwYS132TLLAJpQT8WnB8=
81,6,FOweEAJyxeQYJEvatdHHi+2ygzY=,ZEP8VbOHwYS132TLLAJpQT8WnB8=
94,5,FOweEAJyxeQYJEvatdHHi+2ygzY=,ZEP8VbOHwYS132TLLAJpQT8WnB8=
86,1,FOweEAJyxeQYJEvatdHHi+2ygzY=,ZEP8VbOHwYS132TLLAJpQT8WnB8=
95,5,FOweEAJyxeQYJEvatdHHi+2ygzY=,ZEP8VbOHwYS132TLLAJpQT8WnB8=
92,5,FOweEAJyxeQYJEvatdHHi+2ygzY=,ZEP8VbOHwYS132TLLAJpQT8WnB8=
93,5,FOweEAJyxeQYJEvatdHHi+2ygzY=,ZEP8VbOHwYS132TLLAJpQT8WnB8=
91,5,FOweEAJyxeQYJEvatdHHi+2ygzY=,ZEP8VbOHwYS132TLLAJpQT8WnB8=
87,0,FOweEAJyxeQYJEvatdHHi+2ygzY=,ZEP8VbOHwYS132TLLAJpQT8WnB8=
84,1,FOweEAJyxeQYJEvatdHHi+2ygzY=,ZEP8VbOHwYS132TLLAJpQT8WnB8=
80,6,FOweEAJyxeQYJEvatdHHi+2ygzY=,ZEP8VbOHwYS132TLLAJpQT8WnB8=
85,6,FOweEAJyxeQYJEvatdHHi+2ygzY=,ZEP8VbOHwYS132TLLAJpQT8WnB8=
90,5,FOweEAJyxeQYJEvatdHHi+2ygzY=,ZEP8VbOHwYS132TLLAJpQT8WnB8=
80,3,FOweEAJyxeQYJEvatdHHi+2ygzY=,ZEP8VbOHwYS132TLLAJpQT8WnB8=
89,5,FOweEAJyxeQYJEvatdHHi+2ygzY=,ZEP8VbOHwYS132TLLAJpQT8WnB8=
86,5,FOweEAJyxeQYJEvatdHHi+2ygzY=,ZEP8VbOHwYS132TLLAJpQT8WnB8=
88,5,FOweEAJyxeQYJEvatdHHi+2ygzY=,ZEP8VbOHwYS132TLLAJpQT8WnB8=
85,5,FOweEAJyxeQYJEvatdHHi+2ygzY=,ZEP8VbOHwYS132TLLAJpQT8WnB8=
87,5,FOweEAJyxeQYJEvatdHHi+2ygzY=,ZEP8VbOHwYS132TLLAJpQT8WnB8=
84,5,FOweEAJyxeQYJEvatdHHi+2ygzY=,ZEP8VbOHwYS132TLLAJpQT8WnB8=
81,5,FOweEAJyxeQYJEvatdHHi+2ygzY=,ZEP8VbOHwYS132TLLAJpQT8WnB8=
83,5,FOweEAJyxeQYJEvatdHHi+2ygzY=,ZEP8VbOHwYS132TLLAJpQT8WnB8=
82,5,FOweEAJyxeQYJEvatdHHi+2ygzY=,ZEP8VbOHwYS132TLLAJpQT8WnB8=
83,1,FOweEAJyxeQYJEvatdHHi+2ygzY=,ZEP8VbOHwYS132TLLAJpQT8WnB8=
80,5,FOweEAJyxeQYJEvatdHHi+2ygzY=,ZEP8VbOHwYS132TLLAJpQT8WnB8=
95,4,FOweEAJyxeQYJEvatdHHi+2ygzY=,ZEP8VbOHwYS132TLLAJpQT8WnB8=
94,4,FOweEAJyxeQYJEvatdHHi+2ygzY=,ZEP8VbOHwYS132TLLAJpQT8WnB8=
93,4,FOweEAJyxeQYJEvatdHHi+2ygzY=,ZEP8VbOHwYS132TLLAJpQT8WnB8=
92,4,FOweEAJyxeQYJEvatdHHi+2ygzY=,ZEP8VbOHwYS132TLLAJpQT8WnB8=
90,0,FOweEAJyxeQYJEvatdHHi+2ygzY=,ZEP8VbOHwYS132TLLAJpQT8WnB8=
95,2,FOweEAJyxeQYJEvatdHHi+2ygzY=,ZEP8VbOHwYS132TLLAJpQT8WnB8=
91,4,FOweEAJyxeQYJEvatdHHi+2ygzY=,ZEP8VbOHwYS132TLLAJpQT8WnB8=
90,4,FOweEAJyxeQYJEvatdHHi+2ygzY=,ZEP8VbOHwYS132TLLAJpQT8WnB8=
85,1,FOweEAJyxeQYJEvatdHHi+2ygzY=,ZEP8VbOHwYS132TLLAJpQT8WnB8=
89,4,FOweEAJyxeQYJEvatdHHi+2ygzY=,ZEP8VbOHwYS132TLLAJpQT8WnB8=
87,4,FOweEAJyxeQYJEvatdHHi+2ygzY=,ZEP8VbOHwYS132TLLAJpQT8WnB8=
85,4,FOweEAJyxeQYJEvatdHHi+2ygzY=,ZEP8VbOHwYS132TLLAJpQT8WnB8=
88,4,FOweEAJyxeQYJEvatdHHi+2ygzY=,ZEP8VbOHwYS132TLLAJpQT8WnB8=
84,4,FOweEAJyxeQYJEvatdHHi+2ygzY=,ZEP8VbOHwYS132TLLAJpQT8WnB8=
86,4,FOweEAJyxeQYJEvatdHHi+2ygzY=,ZEP8VbOHwYS132TLLAJpQT8WnB8=
83,4,FOweEAJyxeQYJEvatdHHi+2ygzY=,ZEP8VbOHwYS132TLLAJpQT8WnB8=
80,4,FOweEAJyxeQYJEvatdHHi+2ygzY=,ZEP8VbOHwYS132TLLAJpQT8WnB8=
82,4,FOweEAJyxeQYJEvatdHHi+2ygzY=,ZEP8VbOHwYS132TLLAJpQT8WnB8=
81,4,FOweEAJyxeQYJEvatdHHi+2ygzY=,ZEP8VbOHwYS132TLLAJpQT8WnB8=
95,3,FOweEAJyxeQYJEvatdHHi+2ygzY=,ZEP8VbOHwYS132TLLAJpQT8WnB8=
93,3,FOweEAJyxeQYJEvatdHHi+2ygzY=,ZEP8VbOHwYS132TLLAJpQT8WnB8=
94,3,FOweEAJyxeQYJEvatdHHi+2ygzY=,ZEP8VbOHwYS132TLLAJpQT8WnB8=
94,2,FOweEAJyxeQYJEvatdHHi+2ygzY=,ZEP8VbOHwYS132TLLAJpQT8WnB8=
86,0,FOweEAJyxeQYJEvatdHHi+2ygzY=,ZEP8VbOHwYS132TLLAJpQT8WnB8=
82,1,FOweEAJyxeQYJEvatdHHi+2ygzY=,ZEP8VbOHwYS132TLLAJpQT8WnB8=
84,6,FOweEAJyxeQYJEvatdHHi+2ygzY=,ZEP8VbOHwYS132TLLAJpQT8WnB8=
80,0,FOweEAJyxeQYJEvatdHHi+2ygzY=,ZEP8VbOHwYS132TLLAJpQT8WnB8=
85,0,FOweEAJyxeQYJEvatdHHi+2ygzY=,ZEP8VbOHwYS132TLLAJpQT8WnB8=
82,0,FOweEAJyxeQYJEvatdHHi+2ygzY=,ZEP8VbOHwYS132TLLAJpQT8WnB8=
84,0,FOweEAJyxeQYJEvatdHHi+2ygzY=,ZEP8VbOHwYS132TLLAJpQT8WnB8=
