243,-6,EBSbOx1UNUptM2/VP9wnPGuIbro=,RmZRRgbx5hGP1P5wnhR8gMrxWgU=
244,-6,EBSbOx1UNUptM2/VP9wnPGuIbro=,RmZRRgbx5hGP1P5wnhR8gMrxWgU=
242,-7,EBSbOx1UNUptM2/VP9wnPGuIbro=,RmZRRgbx5hGP1P5wnhR8gMrxWgU=
246,-4,EBSbOx1UNUptM2/VP9wnPGuIbro=,RmZRRgbx5hGP1P5wnhR8gMrxWgU=
245,-4,EBSbOx1UNUptM2/VP9wnPGuIbro=,RmZRRgbx5hGP1P5wnhR8gMrxWgU=
244,-4,EBSbOx1UNUptM2/VP9wnPGuIbro=,RmZRRgbx5hGP1P5wnhR8gMrxWgU=
243,-4,EBSbOx1UNUptM2/VP9wnPGuIbro=,RmZRRgbx5hGP1P5wnhR8gMrxWgU=
242,-4,EBSbOx1UNUptM2/VP9wnPGuIbro=,RmZRRgbx5hGP1P5wnhR8gMrxWgU=
240,-4,EBSbOx1UNUptM2/VP9wnPGuIbro=,RmZRRgbx5hGP1P5wnhR8gMrxWgU=
243,-1,EBSbOx1UNUptM2/VP9wnPGuIbro=,RmZRRgbx5hGP1P5wnhR8gMrxWgU=
241,-4,EBSbOx1UNUptM2/VP9wnPGuIbro=,RmZRRgbx5hGP1P5wnhR8gMrxWgU=
242,-6,EBSbOx1UNUptM2/VP9wnPGuIbro=,RmZRRgbx5hGP1P5wnhR8gMrxWgU=
242,-1,EBSbOx1UNUptM2/VP9wnPGuIbro=,RmZRRgbx5hGP1P5wnhR8gMrxWgU=
241,-6,EBSbOx1UNUptM2/VP9wnPGuIbro=,RmZRRgbx5hGP1P5wnhR8gMrxWgU=
244,-3,EBSbOx1UNUptM2/VP9wnPGuIbro=,RmZRRgbx5hGP1P5wnhR8gMrxWgU=
243,-3,EBSbOx1UNUptM2/VP9wnPGuIbro=,RmZRRgbx5hGP1P5wnhR8gMrxWgU=
240,-5,EBSbOx1UNUptM2/VP9wnPGuIbro=,RmZRRgbx5hGP1P5wnhR8gMrxWgU=
241,-1,EBSbOx1UNUptM2/VP9wnPGuIbro=,RmZRRgbx5hGP1P5wnhR8gMrxWgU=
240,-1,EBSbOx1UNUptM2/VP9wnPGuIbro=,RmZRRgbx5hGP1P5wnhR8gMrxWgU=
240,-6,EBSbOx1UNUptM2/VP9wnPGuIbro=,RmZRRgbx5hGP1P5wnhR8gMrxWgU=
242,-3,EBSbOx1UNUptM2/VP9wnPGuIbro=,RmZRRgbx5hGP1P5wnhR8gMrxWgU=
246,-2,EBSbOx1UNUptM2/VP9wnPGuIbro=,RmZRRgbx5hGP1P5wnhR8gMrxWgU=
246,-7,EBSbOx1UNUptM2/VP9wnPGuIbro=,RmZRRgbx5hGP1P5wnhR8gMrxWgU=
245,-2,EBSbOx1UNUptM2/VP9wnPGuIbro=,RmZRRgbx5hGP1P5wnhR8gMrxWgU=
241,-3,EBSbOx1UNUptM2/VP9wnPGuIbro=,RmZRRgbx5hGP1P5wnhR8gMrxWgU=
245,-7,EBSbOx1UNUptM2/VP9wnPGuIbro=,RmZRRgbx5hGP1P5wnhR8gMrxWgU=
244,-2,EBSbOx1UNUptM2/VP9wnPGuIbro=,RmZRRgbx5hGP1P5wnhR8gMrxWgU=
243,-2,EBSbOx1UNUptM2/VP9wnPGuIbro=,RmZRRgbx5hGP1P5wnhR8gMrxWgU=
244,-7,EBSbOx1UNUptM2/VP9wnPGuIbro=,RmZRRgbx5hGP1P5wnhR8gMrxWgU=
240,-3,EBSbOx1UNUptM2/VP9wnPGuIbro=,RmZRRgbx5hGP1P5wnhR8gMrxWgU=
242,-2,EBSbOx1UNUptM2/VP9wnPGuIbro=,RmZRRgbx5hGP1P5wnhR8gMrxWgU=
241,-2,EBSbOx1UNUptM2/VP9wnPGuIbro=,RmZRRgbx5hGP1P5wnhR8gMrxWgU=
240,-2,EBSbOx1UNUptM2/VP9wnPGuIbro=,RmZRRgbx5hGP1P5wnhR8gMrxWgU=
245,-5,EBSbOx1UNUptM2/VP9wnPGuIbro=,RmZRRgbx5hGP1P5wnhR8gMrxWgU=
246,-5,EBSbOx1UNUptM2/VP9wnPGuIbro=,RmZRRgbx5hGP1P5wnhR8gMrxWgU=
244,-5,EBSbOx1UNUptM2/VP9wnPGuIbro=,RmZRRgbx5hGP1P5wnhR8gMrxWgU=
241,-8,EBSbOx1UNUptM2/VP9wnPGuIbro=,RmZRRgbx5hGP1P5wnhR8gMrxWgU=
241,-5,EBSbOx1UNUptM2/VP9wnPGuIbro=,RmZRRgbx5hGP1P5wnhR8gMrxWgU=
241,-7,EBSbOx1UNUptM2/VP9wnPGuIbro=,RmZRRgbx5hGP1P5wnhR8gMrxWgU=
246,-8,EBSbOx1UNUptM2/VP9wnPGuIbro=,RmZRRgbx5hGP1P5wnhR8gMrxWgU=
246,-3,EBSbOx1UNUptM2/VP9wnPGuIbro=,RmZRRgbx5hGP1P5wnhR8gMrxWgU=
243,-7,EBSbOx1UNUptM2/VP9wnPGuIbro=,RmZRRgbx5hGP1P5wnhR8gMrxWgU=
245,-8,EBSbOx1UNUptM2/VP9wnPGuIbro=,RmZRRgbx5hGP1P5wnhR8gMrxWgU=
244,-8,EBSbOx1UNUptM2/VP9wnPGuIbro=,RmZRRgbx5hGP1P5wnhR8gMrxWgU=
245,-3,EBSbOx1UNUptM2/VP9wnPGuIbro=,RmZRRgbx5hGP1P5wnhR8gMrxWgU=
243,-8,EBSbOx1UNUptM2/VP9wnPGuIbro=,RmZRRgbx5hGP1P5wnhR8gMrxWgU=
242,-8,EBSbOx1UNUptM2/VP9wnPGuIbro=,RmZRRgbx5hGP1P5wnhR8gMrxWgU=
246,-1,EBSbOx1UNUptM2/VP9wnPGuIbro=,RmZRRgbx5hGP1P5wnhR8gMrxWgU=
240,-8,EBSbOx1UNUptM2/VP9wnPGuIbro=,RmZRRgbx5hGP1P5wnhR8gMrxWgU=
240,-7,EBSbOx1UNUptM2/VP9wnPGuIbro=,RmZRRgbx5hGP1P5wnhR8gMrxWgU=
246,-6,EBSbOx1UNUptM2/VP9wnPGuIbro=,RmZRRgbx5hGP1P5wnhR8gMrxWgU=
245,-6,EBSbOx1UNUptM2/VP9wnPGuIbro=,RmZRRgbx5hGP1P5wnhR8gMrxWgU=
245,-1,EBSbOx1UNUptM2/VP9wnPGuIbro=,RmZRRgbx5hGP1P5wnhR8gMrxWgU=
244,-1,EBSbOx1UNUptM2/VP9wnPGuIbro=,RmZRRgbx5hGP1P5wnhR8gMrxWgU=
242,-5,EBSbOx1UNUptM2/VP9wnPGuIbro=,RmZRRgbx5hGP1P5wnhR8gMrxWgU=
243,-5,EBSbOx1UNUptM2/VP9wnPGuIbro=,RmZRRgbx5hGP1P5wnhR8gMrxWgU=
251,-3,EBSbOx1UNUptM2/VP9wnPGuIbro=,nWSS/Sl1JMf70ziv35gH5l1OsNQ=
250,-3,EBSbOx1UNUptM2/VP9wnPGuIbro=,nWSS/Sl1JMf70ziv35gH5l1OsNQ=
249,-3,EBSbOx1UNUptM2/VP9wnPGuIbro=,nWSS/Sl1JMf70ziv35gH5l1OsNQ=
248,-3,EBSbOx1UNUptM2/VP9wnPGuIbro=,nWSS/Sl1JMf70ziv35gH5l1OsNQ=
255,-4,EBSbOx1UNUptM2/VP9wnPGuIbro=,nWSS/Sl1JMf70ziv35gH5l1OsNQ=
254,-4,EBSbOx1UNUptM2/VP9wnPGuIbro=,nWSS/Sl1JMf70ziv35gH5l1OsNQ=
253,-4,EBSbOx1UNUptM2/VP9wnPGuIbro=,nWSS/Sl1JMf70ziv35gH5l1OsNQ=
252,-4,EBSbOx1UNUptM2/VP9wnPGuIbro=,nWSS/Sl1JMf70ziv35gH5l1OsNQ=
251,-4,EBSbOx1UNUptM2/VP9wnPGuIbro=,nWSS/Sl1JMf70ziv35gH5l1OsNQ=
252,-3,EBSbOx1UNUptM2/VP9wnPGuIbro=,nWSS/Sl1JMf70ziv35gH5l1OsNQ=
253,-3,EBSbOx1UNUptM2/VP9wnPGuIbro=,nWSS/Sl1JMf70ziv35gH5l1OsNQ=
250,-4,EBSbOx1UNUptM2/VP9wnPGuIbro=,nWSS/Sl1JMf70ziv35gH5l1OsNQ=
254,-3,EBSbOx1UNUptM2/VP9wnPGuIbro=,nWSS/Sl1JMf70ziv35gH5l1OsNQ=
255,-3,EBSbOx1UNUptM2/VP9wnPGuIbro=,nWSS/Sl1JMf70ziv35gH5l1OsNQ=
248,-2,EBSbOx1UNUptM2/VP9wnPGuIbro=,nWSS/Sl1JMf70ziv35gH5l1OsNQ=
249,-4,EBSbOx1UNUptM2/VP9wnPGuIbro=,nWSS/Sl1JMf70ziv35gH5l1OsNQ=
248,-4,EBSbOx1UNUptM2/VP9wnPGuIbro=,nWSS/Sl1JMf70ziv35gH5l1OsNQ=
255,-5,EBSbOx1UNUptM2/VP9wnPGuIbro=,nWSS/Sl1JMf70ziv35gH5l1OsNQ=
254,-5,EBSbOx1UNUptM2/VP9wnPGuIbro=,nWSS/Sl1JMf70ziv35gH5l1OsNQ=
253,-5,EBSbOx1UNUptM2/VP9wnPGuIbro=,nWSS/Sl1JMf70ziv35gH5l1OsNQ=
252,-5,EBSbOx1UNUptM2/VP9wnPGuIbro=,nWSS/Sl1JMf70ziv35gH5l1OsNQ=
247,-4,EBSbOx1UNUptM2/VP9wnPGuIbro=,RmZRRgbx5hGP1P5wnhR8gMrxWgU=
249,-2,EBSbOx1UNUptM2/VP9wnPGuIbro=,nWSS/Sl1JMf70ziv35gH5l1OsNQ=
250,-2,EBSbOx1UNUptM2/VP9wnPGuIbro=,nWSS/Sl1JMf70ziv35gH5l1OsNQ=
252,-2,EBSbOx1UNUptM2/VP9wnPGuIbro=,nWSS/Sl1JMf70ziv35gH5l1OsNQ=
251,-5,EBSbOx1UNUptM2/VP9wnPGuIbro=,nWSS/Sl1JMf70ziv35gH5l1OsNQ=
247,-2,EBSbOx1UNUptM2/VP9wnPGuIbro=,RmZRRgbx5hGP1P5wnhR8gMrxWgU=
253,-2,EBSbOx1UNUptM2/VP9wnPGuIbro=,nWSS/Sl1JMf70ziv35gH5l1OsNQ=
250,-5,EBSbOx1UNUptM2/VP9wnPGuIbro=,nWSS/Sl1JMf70ziv35gH5l1OsNQ=
251,-2,EBSbOx1UNUptM2/VP9wnPGuIbro=,nWSS/Sl1JMf70ziv35gH5l1OsNQ=
254,-2,EBSbOx1UNUptM2/VP9wnPGuIbro=,nWSS/Sl1JMf70ziv35gH5l1OsNQ=
255,-2,EBSbOx1UNUptM2/VP9wnPGuIbro=,nWSS/Sl1JMf70ziv35gH5l1OsNQ=
248,-1,EBSbOx1UNUptM2/VP9wnPGuIbro=,nWSS/Sl1JMf70ziv35gH5l1OsNQ=
249,-1,EBSbOx1UNUptM2/VP9wnPGuIbro=,nWSS/Sl1JMf70ziv35gH5l1OsNQ=
250,-1,EBSbOx1UNUptM2/VP9wnPGuIbro=,nWSS/Sl1JMf70ziv35gH5l1OsNQ=
251,-1,EBSbOx1UNUptM2/VP9wnPGuIbro=,nWSS/Sl1JMf70ziv35gH5l1OsNQ=
252,-1,EBSbOx1UNUptM2/VP9wnPGuIbro=,nWSS/Sl1JMf70ziv35gH5l1OsNQ=
247,-6,EBSbOx1UNUptM2/VP9wnPGuIbro=,RmZRRgbx5hGP1P5wnhR8gMrxWgU=
253,-1,EBSbOx1UNUptM2/VP9wnPGuIbro=,nWSS/Sl1JMf70ziv35gH5l1OsNQ=
254,-1,EBSbOx1UNUptM2/VP9wnPGuIbro=,nWSS/Sl1JMf70ziv35gH5l1OsNQ=
255,-1,EBSbOx1UNUptM2/VP9wnPGuIbro=,nWSS/Sl1JMf70ziv35gH5l1OsNQ=
247,-1,EBSbOx1UNUptM2/VP9wnPGuIbro=,RmZRRgbx5hGP1P5wnhR8gMrxWgU=
247,-8,EBSbOx1UNUptM2/VP9wnPGuIbro=,RmZRRgbx5hGP1P5wnhR8gMrxWgU=
248,-8,EBSbOx1UNUptM2/VP9wnPGuIbro=,nWSS/Sl1JMf70ziv35gH5l1OsNQ=
247,-3,EBSbOx1UNUptM2/VP9wnPGuIbro=,RmZRRgbx5hGP1P5wnhR8gMrxWgU=
249,-8,EBSbOx1UNUptM2/VP9wnPGuIbro=,nWSS/Sl1JMf70ziv35gH5l1OsNQ=
250,-8,EBSbOx1UNUptM2/VP9wnPGuIbro=,nWSS/Sl1JMf70ziv35gH5l1OsNQ=
249,-5,EBSbOx1UNUptM2/VP9wnPGuIbro=,nWSS/Sl1JMf70ziv35gH5l1OsNQ=
251,-8,EBSbOx1UNUptM2/VP9wnPGuIbro=,nWSS/Sl1JMf70ziv35gH5l1OsNQ=
252,-8,EBSbOx1UNUptM2/VP9wnPGuIbro=,nWSS/Sl1JMf70ziv35gH5l1OsNQ=
247,-5,EBSbOx1UNUptM2/VP9wnPGuIbro=,RmZRRgbx5hGP1P5wnhR8gMrxWgU=
253,-8,EBSbOx1UNUptM2/VP9wnPGuIbro=,nWSS/Sl1JMf70ziv35gH5l1OsNQ=
254,-8,EBSbOx1UNUptM2/VP9wnPGuIbro=,nWSS/Sl1JMf70ziv35gH5l1OsNQ=
255,-8,EBSbOx1UNUptM2/VP9wnPGuIbro=,nWSS/Sl1JMf70ziv35gH5l1OsNQ=
248,-7,EBSbOx1UNUptM2/VP9wnPGuIbro=,nWSS/Sl1JMf70ziv35gH5l1OsNQ=
249,-7,EBSbOx1UNUptM2/VP9wnPGuIbro=,nWSS/Sl1JMf70ziv35gH5l1OsNQ=
250,-7,EBSbOx1UNUptM2/VP9wnPGuIbro=,nWSS/Sl1JMf70ziv35gH5l1OsNQ=
251,-7,EBSbOx1UNUptM2/VP9wnPGuIbro=,nWSS/Sl1JMf70ziv35gH5l1OsNQ=
252,-7,EBSbOx1UNUptM2/VP9wnPGuIbro=,nWSS/Sl1JMf70ziv35gH5l1OsNQ=
253,-7,EBSbOx1UNUptM2/VP9wnPGuIbro=,nWSS/Sl1JMf70ziv35gH5l1OsNQ=
254,-7,EBSbOx1UNUptM2/VP9wnPGuIbro=,nWSS/Sl1JMf70ziv35gH5l1OsNQ=
255,-7,EBSbOx1UNUptM2/VP9wnPGuIbro=,nWSS/Sl1JMf70ziv35gH5l1OsNQ=
248,-5,EBSbOx1UNUptM2/VP9wnPGuIbro=,nWSS/Sl1JMf70ziv35gH5l1OsNQ=
255,-6,EBSbOx1UNUptM2/VP9wnPGuIbro=,nWSS/Sl1JMf70ziv35gH5l1OsNQ=
247,-7,EBSbOx1UNUptM2/VP9wnPGuIbro=,RmZRRgbx5hGP1P5wnhR8gMrxWgU=
254,-6,EBSbOx1UNUptM2/VP9wnPGuIbro=,nWSS/Sl1JMf70ziv35gH5l1OsNQ=
253,-6,EBSbOx1UNUptM2/VP9wnPGuIbro=,nWSS/Sl1JMf70ziv35gH5l1OsNQ=
252,-6,EBSbOx1UNUptM2/VP9wnPGuIbro=,nWSS/Sl1JMf70ziv35gH5l1OsNQ=
248,-6,EBSbOx1UNUptM2/VP9wnPGuIbro=,nWSS/Sl1JMf70ziv35gH5l1OsNQ=
251,-6,EBSbOx1UNUptM2/VP9wnPGuIbro=,nWSS/Sl1JMf70ziv35gH5l1OsNQ=
249,-6,EBSbOx1UNUptM2/VP9wnPGuIbro=,nWSS/Sl1JMf70ziv35gH5l1OsNQ=
250,-6,EBSbOx1UNUptM2/VP9wnPGuIbro=,nWSS/Sl1JMf70ziv35gH5l1OsNQ=
228,-1,op/AbGeY2+wRG95a3ifLKRoncPI=,DC3wDK750rIKrbGnAkmXsns2nK8=
227,-1,op/AbGeY2+wRG95a3ifLKRoncPI=,DC3wDK750rIKrbGnAkmXsns2nK8=
226,-1,op/AbGeY2+wRG95a3ifLKRoncPI=,DC3wDK750rIKrbGnAkmXsns2nK8=
225,-1,op/AbGeY2+wRG95a3ifLKRoncPI=,DC3wDK750rIKrbGnAkmXsns2nK8=
224,-1,op/AbGeY2+wRG95a3ifLKRoncPI=,DC3wDK750rIKrbGnAkmXsns2nK8=
230,-2,op/AbGeY2+wRG95a3ifLKRoncPI=,DC3wDK750rIKrbGnAkmXsns2nK8=
229,-2,op/AbGeY2+wRG95a3ifLKRoncPI=,DC3wDK750rIKrbGnAkmXsns2nK8=
228,-2,op/AbGeY2+wRG95a3ifLKRoncPI=,DC3wDK750rIKrbGnAkmXsns2nK8=
227,-2,op/AbGeY2+wRG95a3ifLKRoncPI=,DC3wDK750rIKrbGnAkmXsns2nK8=
226,-2,op/AbGeY2+wRG95a3ifLKRoncPI=,DC3wDK750rIKrbGnAkmXsns2nK8=
225,-2,op/AbGeY2+wRG95a3ifLKRoncPI=,DC3wDK750rIKrbGnAkmXsns2nK8=
224,-2,op/AbGeY2+wRG95a3ifLKRoncPI=,DC3wDK750rIKrbGnAkmXsns2nK8=
230,-3,op/AbGeY2+wRG95a3ifLKRoncPI=,DC3wDK750rIKrbGnAkmXsns2nK8=
229,-3,op/AbGeY2+wRG95a3ifLKRoncPI=,DC3wDK750rIKrbGnAkmXsns2nK8=
227,-3,op/AbGeY2+wRG95a3ifLKRoncPI=,DC3wDK750rIKrbGnAkmXsns2nK8=
228,-3,op/AbGeY2+wRG95a3ifLKRoncPI=,DC3wDK750rIKrbGnAkmXsns2nK8=
226,-3,op/AbGeY2+wRG95a3ifLKRoncPI=,DC3wDK750rIKrbGnAkmXsns2nK8=
225,-3,op/AbGeY2+wRG95a3ifLKRoncPI=,DC3wDK750rIKrbGnAkmXsns2nK8=
230,-4,op/AbGeY2+wRG95a3ifLKRoncPI=,DC3wDK750rIKrbGnAkmXsns2nK8=
224,-3,op/AbGeY2+wRG95a3ifLKRoncPI=,DC3wDK750rIKrbGnAkmXsns2nK8=
229,-4,op/AbGeY2+wRG95a3ifLKRoncPI=,DC3wDK750rIKrbGnAkmXsns2nK8=
226,-4,op/AbGeY2+wRG95a3ifLKRoncPI=,DC3wDK750rIKrbGnAkmXsns2nK8=
227,-4,op/AbGeY2+wRG95a3ifLKRoncPI=,DC3wDK750rIKrbGnAkmXsns2nK8=
224,-4,op/AbGeY2+wRG95a3ifLKRoncPI=,DC3wDK750rIKrbGnAkmXsns2nK8=
228,-4,op/AbGeY2+wRG95a3ifLKRoncPI=,DC3wDK750rIKrbGnAkmXsns2nK8=
225,-4,op/AbGeY2+wRG95a3ifLKRoncPI=,DC3wDK750rIKrbGnAkmXsns2nK8=
230,-5,op/AbGeY2+wRG95a3ifLKRoncPI=,DC3wDK750rIKrbGnAkmXsns2nK8=
229,-5,op/AbGeY2+wRG95a3ifLKRoncPI=,DC3wDK750rIKrbGnAkmXsns2nK8=
227,-5,op/AbGeY2+wRG95a3ifLKRoncPI=,DC3wDK750rIKrbGnAkmXsns2nK8=
226,-5,op/AbGeY2+wRG95a3ifLKRoncPI=,DC3wDK750rIKrbGnAkmXsns2nK8=
225,-5,op/AbGeY2+wRG95a3ifLKRoncPI=,DC3wDK750rIKrbGnAkmXsns2nK8=
224,-5,op/AbGeY2+wRG95a3ifLKRoncPI=,DC3wDK750rIKrbGnAkmXsns2nK8=
230,-6,op/AbGeY2+wRG95a3ifLKRoncPI=,DC3wDK750rIKrbGnAkmXsns2nK8=
228,-5,op/AbGeY2+wRG95a3ifLKRoncPI=,DC3wDK750rIKrbGnAkmXsns2nK8=
229,-6,op/AbGeY2+wRG95a3ifLKRoncPI=,DC3wDK750rIKrbGnAkmXsns2nK8=
228,-6,op/AbGeY2+wRG95a3ifLKRoncPI=,DC3wDK750rIKrbGnAkmXsns2nK8=
227,-6,op/AbGeY2+wRG95a3ifLKRoncPI=,DC3wDK750rIKrbGnAkmXsns2nK8=
226,-6,op/AbGeY2+wRG95a3ifLKRoncPI=,DC3wDK750rIKrbGnAkmXsns2nK8=
225,-6,op/AbGeY2+wRG95a3ifLKRoncPI=,DC3wDK750rIKrbGnAkmXsns2nK8=
224,-6,op/AbGeY2+wRG95a3ifLKRoncPI=,DC3wDK750rIKrbGnAkmXsns2nK8=
230,-7,op/AbGeY2+wRG95a3ifLKRoncPI=,DC3wDK750rIKrbGnAkmXsns2nK8=
229,-7,op/AbGeY2+wRG95a3ifLKRoncPI=,DC3wDK750rIKrbGnAkmXsns2nK8=
228,-7,op/AbGeY2+wRG95a3ifLKRoncPI=,DC3wDK750rIKrbGnAkmXsns2nK8=
227,-7,op/AbGeY2+wRG95a3ifLKRoncPI=,DC3wDK750rIKrbGnAkmXsns2nK8=
226,-7,op/AbGeY2+wRG95a3ifLKRoncPI=,DC3wDK750rIKrbGnAkmXsns2nK8=
225,-7,op/AbGeY2+wRG95a3ifLKRoncPI=,DC3wDK750rIKrbGnAkmXsns2nK8=
224,-7,op/AbGeY2+wRG95a3ifLKRoncPI=,DC3wDK750rIKrbGnAkmXsns2nK8=
230,-8,op/AbGeY2+wRG95a3ifLKRoncPI=,DC3wDK750rIKrbGnAkmXsns2nK8=
229,-8,op/AbGeY2+wRG95a3ifLKRoncPI=,DC3wDK750rIKrbGnAkmXsns2nK8=
228,-8,op/AbGeY2+wRG95a3ifLKRoncPI=,DC3wDK750rIKrbGnAkmXsns2nK8=
227,-8,op/AbGeY2+wRG95a3ifLKRoncPI=,DC3wDK750rIKrbGnAkmXsns2nK8=
226,-8,op/AbGeY2+wRG95a3ifLKRoncPI=,DC3wDK750rIKrbGnAkmXsns2nK8=
225,-8,op/AbGeY2+wRG95a3ifLKRoncPI=,DC3wDK750rIKrbGnAkmXsns2nK8=
224,-8,op/AbGeY2+wRG95a3ifLKRoncPI=,DC3wDK750rIKrbGnAkmXsns2nK8=
230,-1,op/AbGeY2+wRG95a3ifLKRoncPI=,DC3wDK750rIKrbGnAkmXsns2nK8=
229,-1,op/AbGeY2+wRG95a3ifLKRoncPI=,DC3wDK750rIKrbGnAkmXsns2nK8=
235,-1,op/AbGeY2+wRG95a3ifLKRoncPI=,3DiE2sIdBUciZBAkbk39pNPIXvU=
239,-3,op/AbGeY2+wRG95a3ifLKRoncPI=,3DiE2sIdBUciZBAkbk39pNPIXvU=
237,-2,op/AbGeY2+wRG95a3ifLKRoncPI=,3DiE2sIdBUciZBAkbk39pNPIXvU=
236,-2,op/AbGeY2+wRG95a3ifLKRoncPI=,3DiE2sIdBUciZBAkbk39pNPIXvU=
232,-3,op/AbGeY2+wRG95a3ifLKRoncPI=,3DiE2sIdBUciZBAkbk39pNPIXvU=
233,-3,op/AbGeY2+wRG95a3ifLKRoncPI=,3DiE2sIdBUciZBAkbk39pNPIXvU=
234,-3,op/AbGeY2+wRG95a3ifLKRoncPI=,3DiE2sIdBUciZBAkbk39pNPIXvU=
236,-1,op/AbGeY2+wRG95a3ifLKRoncPI=,3DiE2sIdBUciZBAkbk39pNPIXvU=
234,-8,op/AbGeY2+wRG95a3ifLKRoncPI=,3DiE2sIdBUciZBAkbk39pNPIXvU=
236,-8,op/AbGeY2+wRG95a3ifLKRoncPI=,3DiE2sIdBUciZBAkbk39pNPIXvU=
237,-8,op/AbGeY2+wRG95a3ifLKRoncPI=,3DiE2sIdBUciZBAkbk39pNPIXvU=
239,-4,op/AbGeY2+wRG95a3ifLKRoncPI=,3DiE2sIdBUciZBAkbk39pNPIXvU=
234,-4,op/AbGeY2+wRG95a3ifLKRoncPI=,3DiE2sIdBUciZBAkbk39pNPIXvU=
238,-8,op/AbGeY2+wRG95a3ifLKRoncPI=,3DiE2sIdBUciZBAkbk39pNPIXvU=
239,-8,op/AbGeY2+wRG95a3ifLKRoncPI=,3DiE2sIdBUciZBAkbk39pNPIXvU=
232,-7,op/AbGeY2+wRG95a3ifLKRoncPI=,3DiE2sIdBUciZBAkbk39pNPIXvU=
233,-7,op/AbGeY2+wRG95a3ifLKRoncPI=,3DiE2sIdBUciZBAkbk39pNPIXvU=
237,-1,op/AbGeY2+wRG95a3ifLKRoncPI=,3DiE2sIdBUciZBAkbk39pNPIXvU=
231,-1,op/AbGeY2+wRG95a3ifLKRoncPI=,DC3wDK750rIKrbGnAkmXsns2nK8=
238,-2,op/AbGeY2+wRG95a3ifLKRoncPI=,3DiE2sIdBUciZBAkbk39pNPIXvU=
234,-7,op/AbGeY2+wRG95a3ifLKRoncPI=,3DiE2sIdBUciZBAkbk39pNPIXvU=
238,-1,op/AbGeY2+wRG95a3ifLKRoncPI=,3DiE2sIdBUciZBAkbk39pNPIXvU=
232,-8,op/AbGeY2+wRG95a3ifLKRoncPI=,3DiE2sIdBUciZBAkbk39pNPIXvU=
239,-1,op/AbGeY2+wRG95a3ifLKRoncPI=,3DiE2sIdBUciZBAkbk39pNPIXvU=
236,-7,op/AbGeY2+wRG95a3ifLKRoncPI=,3DiE2sIdBUciZBAkbk39pNPIXvU=
237,-7,op/AbGeY2+wRG95a3ifLKRoncPI=,3DiE2sIdBUciZBAkbk39pNPIXvU=
235,-6,op/AbGeY2+wRG95a3ifLKRoncPI=,3DiE2sIdBUciZBAkbk39pNPIXvU=
238,-4,op/AbGeY2+wRG95a3ifLKRoncPI=,3DiE2sIdBUciZBAkbk39pNPIXvU=
235,-4,op/AbGeY2+wRG95a3ifLKRoncPI=,3DiE2sIdBUciZBAkbk39pNPIXvU=
233,-8,op/AbGeY2+wRG95a3ifLKRoncPI=,3DiE2sIdBUciZBAkbk39pNPIXvU=
236,-6,op/AbGeY2+wRG95a3ifLKRoncPI=,3DiE2sIdBUciZBAkbk39pNPIXvU=
237,-6,op/AbGeY2+wRG95a3ifLKRoncPI=,3DiE2sIdBUciZBAkbk39pNPIXvU=
233,-4,op/AbGeY2+wRG95a3ifLKRoncPI=,3DiE2sIdBUciZBAkbk39pNPIXvU=
235,-2,op/AbGeY2+wRG95a3ifLKRoncPI=,3DiE2sIdBUciZBAkbk39pNPIXvU=
231,-2,op/AbGeY2+wRG95a3ifLKRoncPI=,DC3wDK750rIKrbGnAkmXsns2nK8=
234,-2,op/AbGeY2+wRG95a3ifLKRoncPI=,3DiE2sIdBUciZBAkbk39pNPIXvU=
238,-3,op/AbGeY2+wRG95a3ifLKRoncPI=,3DiE2sIdBUciZBAkbk39pNPIXvU=
233,-2,op/AbGeY2+wRG95a3ifLKRoncPI=,3DiE2sIdBUciZBAkbk39pNPIXvU=
237,-3,op/AbGeY2+wRG95a3ifLKRoncPI=,3DiE2sIdBUciZBAkbk39pNPIXvU=
232,-2,op/AbGeY2+wRG95a3ifLKRoncPI=,3DiE2sIdBUciZBAkbk39pNPIXvU=
234,-6,op/AbGeY2+wRG95a3ifLKRoncPI=,3DiE2sIdBUciZBAkbk39pNPIXvU=
235,-8,op/AbGeY2+wRG95a3ifLKRoncPI=,3DiE2sIdBUciZBAkbk39pNPIXvU=
234,-1,op/AbGeY2+wRG95a3ifLKRoncPI=,3DiE2sIdBUciZBAkbk39pNPIXvU=
231,-3,op/AbGeY2+wRG95a3ifLKRoncPI=,DC3wDK750rIKrbGnAkmXsns2nK8=
238,-6,op/AbGeY2+wRG95a3ifLKRoncPI=,3DiE2sIdBUciZBAkbk39pNPIXvU=
239,-6,op/AbGeY2+wRG95a3ifLKRoncPI=,3DiE2sIdBUciZBAkbk39pNPIXvU=
232,-4,op/AbGeY2+wRG95a3ifLKRoncPI=,3DiE2sIdBUciZBAkbk39pNPIXvU=
239,-5,op/AbGeY2+wRG95a3ifLKRoncPI=,3DiE2sIdBUciZBAkbk39pNPIXvU=
231,-4,op/AbGeY2+wRG95a3ifLKRoncPI=,DC3wDK750rIKrbGnAkmXsns2nK8=
234,-5,op/AbGeY2+wRG95a3ifLKRoncPI=,3DiE2sIdBUciZBAkbk39pNPIXvU=
232,-5,op/AbGeY2+wRG95a3ifLKRoncPI=,3DiE2sIdBUciZBAkbk39pNPIXvU=
237,-4,op/AbGeY2+wRG95a3ifLKRoncPI=,3DiE2sIdBUciZBAkbk39pNPIXvU=
233,-5,op/AbGeY2+wRG95a3ifLKRoncPI=,3DiE2sIdBUciZBAkbk39pNPIXvU=
235,-7,op/AbGeY2+wRG95a3ifLKRoncPI=,3DiE2sIdBUciZBAkbk39pNPIXvU=
238,-7,op/AbGeY2+wRG95a3ifLKRoncPI=,3DiE2sIdBUciZBAkbk39pNPIXvU=
239,-2,op/AbGeY2+wRG95a3ifLKRoncPI=,3DiE2sIdBUciZBAkbk39pNPIXvU=
231,-8,op/AbGeY2+wRG95a3ifLKRoncPI=,DC3wDK750rIKrbGnAkmXsns2nK8=
232,-1,op/AbGeY2+wRG95a3ifLKRoncPI=,3DiE2sIdBUciZBAkbk39pNPIXvU=
239,-7,op/AbGeY2+wRG95a3ifLKRoncPI=,3DiE2sIdBUciZBAkbk39pNPIXvU=
231,-5,op/AbGeY2+wRG95a3ifLKRoncPI=,DC3wDK750rIKrbGnAkmXsns2nK8=
236,-3,op/AbGeY2+wRG95a3ifLKRoncPI=,3DiE2sIdBUciZBAkbk39pNPIXvU=
238,-5,op/AbGeY2+wRG95a3ifLKRoncPI=,3DiE2sIdBUciZBAkbk39pNPIXvU=
233,-6,op/AbGeY2+wRG95a3ifLKRoncPI=,3DiE2sIdBUciZBAkbk39pNPIXvU=
235,-3,op/AbGeY2+wRG95a3ifLKRoncPI=,3DiE2sIdBUciZBAkbk39pNPIXvU=
231,-6,op/AbGeY2+wRG95a3ifLKRoncPI=,DC3wDK750rIKrbGnAkmXsns2nK8=
235,-5,op/AbGeY2+wRG95a3ifLKRoncPI=,3DiE2sIdBUciZBAkbk39pNPIXvU=
236,-5,op/AbGeY2+wRG95a3ifLKRoncPI=,3DiE2sIdBUciZBAkbk39pNPIXvU=
231,-7,op/AbGeY2+wRG95a3ifLKRoncPI=,DC3wDK750rIKrbGnAkmXsns2nK8=
232,-6,op/AbGeY2+wRG95a3ifLKRoncPI=,3DiE2sIdBUciZBAkbk39pNPIXvU=
233,-1,op/AbGeY2+wRG95a3ifLKRoncPI=,3DiE2sIdBUciZBAkbk39pNPIXvU=
236,-4,op/AbGeY2+wRG95a3ifLKRoncPI=,3DiE2sIdBUciZBAkbk39pNPIXvU=
237,-5,op/AbGeY2+wRG95a3ifLKRoncPI=,3DiE2sIdBUciZBAkbk39pNPIXvU=
